BJ32oc56xRh3Xou7dqf3c88zvB7PuHgYJvfMHkfoYQxZ,4000000
E7hy6QNL3xvL4rp9CXUJR6J6HQad3k1K1uw3jBaWW8tz,2088222.55
JDpyrL1X2nzSdiiuJGJZyntPSFNw4d9aJ4ASd5z5a5gK,1735820.84
FHJsdMhTXcA2Znix9jtvrmUD6qx7ozWpWb7ZL4Fzpe5D,1672985.68
ZrmEkWrHh6961NehZrBHKZymixSakmtkLmejA9pgUn6,1650862.15
ALzeC5VcDQhZvWWwTCYjneknMppnn7RMjUbU6iNedfMi,1488795.03
GwCAKzbdhdY285B8VvGqzbNM1mFpkBxXpvS59s4EZKom,1419905.91
EwTNPYTuwxMzrvL19nzBsSLXdAoEmVBKkisN87csKgtt,1281494.52
4pwh3saw5CgyqTFjqJzxDKDqei9AMFAB6icgfbn4fuRD,1228432.03
7W5uyc5FRqvfcLLV8YdkCRRB17ARTu7QaKkqaqkA33QQ,1193675.76
DfgKdiMKvqWC2RHFuWZr6Mfkqor7KgouK5Pohy6AsYPe,1178050.15
99HXufoq4yepb8hNKgd1ghXRKMwAfMoXCZjAdXxXyEUh,1052271.79
8wtxG6HMg4sdYGixfEvJ9eAATheyYsAU3Y7pTmqeA5nM,1050846.8
DzBZ4ipHpfChNr7Vy4Ve4wqh93pXsuJyxyKYVPSMiGo9,1048491.29
GA7rvNzSacS9Rv1xgMKYkhTgtobgxTW6NhPw3ggDJAHQ,1018005.02
2DnLuM39WmkPoUsaWGuXPgoNuJ6S9WmSWPLh7MXioP4E,1013305.58
FFh7AVTsb7VDefsABxtEf8yCwv6kQ1e4tJ8X8dbcTmYm,1006236.25
71c49PXaibrpd4ACB3BrYKFrHDEDm3TDkJVmmEqyYuU9,1001186.25
DXowVJkAdeseyYhNheEpt5zB3kTzeCwN8bm2aqXcjbwT,1001126.51
HfPpwm8GQHttaBX8fZ7TZaFpJpcHFLVhpBhSvk1cxz9P,1000365.89
2UqMqF6aPm9GhpSnmxXTS15vZyb8c5adPYJcSv56PukF,1000000
DWE8B5e5xjMXHivTy64woMXVgSs1wKJsfM2Fe8FSgUXT,1000000
oW6GRX5w8mvZUktV6Ntd9vKbotLDz2FQrbQE3waYCJM,1000000
DUrzamHd6mFvD4ZSyx4jvuycuo8a6g8gkiQ9PFvDnTRw,935039.81
TzwnG2UJaCirzB1LYp9vqS1hgjrsYxZCXAmZ9HQCf6p,919128.38
4Fh79H6yPzSpUfQxYWtwqW8xSmkGaNETLbUECiTvJjtK,910550.23
5afdWRncqLYfjAJcWGuUf1JBYdKoWxEh2WNFdR7rDdMp,900000
EwNoJ2YCb3r62jeP8a8zjYVskS85YN55SBJPsGRRsHzF,851252.63
HqS3aoH1UiHoNw6fCTLrpJcdArtK8motnTjLC9rc4efm,849127.69
5a3MUX5PhtJmhhh2vpSQ2HiHmR9ujzmSXZhxSBhJtrxX,847682.53
8gxH1ZYEDhb1TZXWskNHQ2dymPVat7iMpn4EhgvbyWni,845191.77
Cr1VFRCDy4E6s6EVcUS8TBxw4mdVejAbx199CwLXykwb,811596.65
8cp7VWSHeHnFPhMzHH2wjMWLXCGZZoZ4v4keCpASkJ1N,804273.87
D3MuDmrs2dm6U9CiZur651CnPjLwUWjs9p1a3PoDs76H,802297.3
BAc2cy4iJbjqhEJ3hiM4JZ3SFqSUqFehMnY3r8G2eb6g,800000
FhsbQzAJWVDNwaH61cTo6XkkfEsmSYMZKs9VJHH32bVG,797821.07
8HHm7TWm5UnWk7ugu2x6nXUo2Tcr7vRiS3N5Vbc8u887,750000
CSmy9zuB9Umn1pyy6v3nGNqet5nHH6AyTdE3eKeWnqj,750000
H3NAXSBLcQq7AWzPnjxPJ8e35ZesJMxoirpbo6sW14Qi,735615.68
4iHZzgXaSERbsHfUCeQV6bUjnxiZT6H1WhF27nm3AZ3E,728300.03
Ha4PbwENAnhthwspwiK136KE6atPJcPcLrrbjxHgj4Sw,717706.38
4MBoHUmHQJkcipgENQ9tnqracTpqwDY39HWqzhoFSqPe,625000
H4j8toMPp8JP4GiGWNTmGF3xiAneLPhEpv4BP2Rsc2DZ,614986.83
2ERfuSLxhi6VLCDGyMJZ9VruRtRv4PuwC4enKUeoVTjX,585386.54
4fabJyr2LtHfv4vob9TQrfJ5gzFR1rz2VwUVKqjxGTPb,538710.57
3Netf9tQ1h16d8KfCTtxqjJ8KvjHarpgHGKQXaZ3bUB6,536928
8Ys8ekfh8iWQytidBq2cgQ4DR1theFZFp1K4auSRvjVh,535045.85
8W7HqAXPo4PBHRYXT4LpzYtoDGGYg9xM278u5PteADC9,500000
47o7VhpJMVAeActPXeBTUY1kSC2iqakQoYyLsuouZD1J,497953.27
GFXcgZRRM7SDtagu6WedS2pASqxqz7T5Rqau798sKYQ,494006
8839JPi1qCsyTPPNSATYwiuC13WQDkhuNGMDfi54A97y,484006
EPT77SKMCez1gX92rJMabiiW4ZdGa2pPmD61pmerHMS2,478230.72
M7swScorJUrqGGFChGt6U7GVHtyguEypv61uxGYs11a,473098.97
7Qw8CS2ywnp9VgHrH1sjpArpLsKWU9LV6TfqcjQ7jMGR,460306.18
CYLyL9MZsyrsrrsgkFjnGFYPtLsrKfa2sn6apqKcyLd6,455145.32
4N3nAvN8n6xx3vGxyhp4bo2bqQq2oHFRqnGBvCScykLk,454644.11
3snvRtFMvVSumq5cWh4DT6t1czi8YVPdag9p3z8v4JEv,449552.48
ERvAfVgCF4g6mVS1opR876AdhbzHtFWPY5EuMbTu57B3,444006
FqbpYzufm9xZBjaQFcz2TaDw6cSitQwVfV9KWe2d6B3G,437089.8
8vzzEe48C93CD428UUhajcrcBdMp5CU9LY6mkmMiDHpN,434867.75
4aTQyZkYY1hLHAUjvLGQJRHsSGLTQb8orcUNCjW1VTd8,434686.77
5i5HR5Gre5NsYeJyKcQfHHHfx5KmEGbsXjuM5cab99Kb,432592.37
DDyxkyBpH2EB9CC5CbbVtJjwb57HCzeXu8DHp2sVphsn,430000
4etjzc7dhMjUQiKG732KYoxpwjEDJKUdTTYRCA4eTsP1,413797.97
87UqiYJUxTJGhNNh4i9QqBEgiCdMxnwrGfA92GNK1y2n,412933.81
DCKvV2kVwHsQPbJG3HtMxwFTa9e4bKZqADzxAnTRQ8U5,412340.91
DNfuF1L62WWyW3pNakVkyGGFzVVhj4Yr52jSmdTyeBHm,410753.65
64Jt1UbeW6KrQKJGXdMAW3y5GeLqYXqXSi66gaLKfaXr,403386.84
J27HEsdRh41BFYWpsdyhe9fbyCPcZDPMZL8CBPwHiUT1,402478.79
79C4sUxbYoyeQ3hpSxUsk15Z9SvdQVMhvi4Pn5HP3sWD,401314.53
56jkoBeSjL3pYCfDbGcQSaoynbYogH8guNibeinGzatT,394770.14
5hNPQEPWuC3fPj9jbogR8o3L1kg3q8sfuXbHkNQG5YR3,381306.81
HKpWNJ6GjCuHkMb95LUagzZ1RpgcnHwXofZYiyQYFXas,374690.56
ESz64HUZ1v4gSnVBv5PjQSsSyRzHmHEr1Zk8kViYbHBR,369733.37
Ctg5GG9qxcKxPbzYSAS4pna3miJcpJ5fBNTMxkQ8eGcq,351708.74
BTXfQAbzMfkZ3Hzgv4sUFHW7zrX5qcSqxB3YSBkTNCFT,350073.26
6Xh5bYhUWszepxbgfBzemQQYeX6N7K19opz9zpcbN3VL,346850.43
HQc67E7fzXGHo5vo6Q1QoaYk37JcXFNDjS2DA7w9h9TL,344774.83
3SrVhos7E41oRWuzFSg8Z7rRTK6NDsRwMA7K7DHAg1ef,339149.27
EjDNiLpFUHZFtbUzAxNUGkVVsqCfDLkNdA3Nxs9z4DS2,335743.46
A3LqaEj8aKXgTvKH6qHKa1Tb4jeD1rurtmmdCtqxnSzs,333333
4GL8jDMV5zRMdNJmmdcKZW9DcnHzfptdeDgxP8WzCxi2,320651.84
GqQg6GT5ibMHwqvsXDbP6qheGUYMQ6vcsxP4C8Fut5gN,320000
83AYrbsqPXdL6jGZmcRpfZwkwQrAfByEoh1gEQ3PbZeo,315768.13
6XG66ZiVGKpPKjMNVZQex2EaTsUgwp7vd3hF3DwmPwXt,309990.55
CaG2SxDRUYYAjvrDNVvp3B9iB8DBRp4CxKZgyUCnezde,309752.15
Bk5dKiUCP5bybGr1z7eGDCSu2NcetirnVb1LvnrfMEYr,303187.53
9ERAR17jmfQSxT2kHUfp2Ayi2nrgENeRy1ekdScNQ8Yc,303075.13
vxzjzDmtbd8nsh5mJ53YKhWPGyqGbNz2ioRvSTXmh4v,300000
8K2qUirjUXpj9Z5GgvDh5D1QphywXXJbNNMPtDsbrHwQ,289986.76
HZhxq7BEMbpvXxD22UFzoUBrPYyY7Qce6Qtz6JVjDAaQ,283868.9
7qLvWCZf2qckQ53UwY5347k2EPAS2z3AJVgh1Tb6hdYF,265944.05
C8uxAkiKmd8pHw7DG9SqyF4mNf49xaR9GXvaE3WTNE74,259227.25
76LjfbqZod8qpCuhYZ13jZTiAf2QQhGHm2A5PeJ7u6VE,252460.52
BakPduy6SZdPHAuZCyvZP14GRGWZjDoHSARFSNGAexVS,247730.22
3yaapUSR9odgyLkMZXbHu2kjmsY3UFex7hx1GK3AyNiG,246757.09
ADSgGH9ZfS421c1t3zodJLjePYFyByhLjJNZ9xzbxjZT,244930.6
GKnyWCcax9iBjHDL8zMdvd9ZNzSNn2xEg1LP5883Zq7S,238282.17
CJXuxjXPUzXRAYDQDqNpivWfdM2rymTQWZcgdXe8Bwpi,232301.79
5cLnb3P9sAgVn93w9sXc5VmDi2oV65cz1VvD6TUBWfdB,227504.6
4LvmNAc4QF2cztiP4ZySmsa1syScx3Xmg4kWd3K3Zh3w,223326.48
9VSRXV2t3sEbNEk6bXtAWuKHf2meQ2x48mm5Ane5gxKk,222533.6
3cUtSJ1mUqYkj6mLwKC5CjvKFRWkQe2Vfqqe7yUtua2j,216388.71
45nPDQWpfRsGxxr5CvgsdBBy8X3FvXydpYoVxNpCqcNP,206666.92
6oRDi6u7eyehX4Fko6gkXV17WaHoSbDJSprAPUwNBXSr,199368.26
HGQaBrJg5iZVUFN153E61XxygyiMfpNNmJrMnPYEaEjG,192516.58
7T4y7A5UQSuTe1sELytaQYTisXRpfD6fnp7Ada3EM4WK,186129.51
DhSGJm9n3hk6MyJAh8WUCknePm6aAi5X6AkQwbSc8PhD,173179.92
GV59iExA932P4CLR2fkQHqXKEPLCeQNDPecngGGXdLvf,172432.07
6BtGVk1AhEb64VpP6ME6zJaTACM426cpTsbfrxRVfxN2,170993
HVGZCMaNZxekz79mwNBB2EKF4z4z9jRQ8XtjeBxatakv,170857.91
HFgKnjDC7L9dWqtK2yUGSBcESqnsbtadNe8Ls2FXLQN3,170312.18
GKYrdGzbCa8KzkQCVEvqJXKBVEe8w4KissXbeYoUag5z,168196.04
8dr9DNHGxVf69Kcs1KhP9huURM35VNNCUFfoTCSEV5C1,167203.25
paARkHtMSZ5f8CqELCmbjKbUEpt2quSZG6PbG8z87cS,165580.92
BXYdXPCM3upYkbZiitiB3TSsmQChoFDAcsh3YKtPaLgq,150204.97
7XmpB88VmLjs7T3JLj1nCmBqjHATA4puhjssB3cgtSg1,149918.06
H9WeLq4S2yqnrKGE2JUvg4iW4uceWaMyVJh37rUepS8e,146103.19
DPLGBFPGBQ7QP182VZ7cbyvLH4zLUSG11r4tJ9sajyQ4,140438.41
6MgM1XERydkCbusAnwnN2dp6m4AFEaoCZy5rPv1TCk42,137150.46
wDF3vmCXWikJWDFsoTDFYYcxXEsZDtbuZeNeyZa2yh4,136639.2
BejMJaHmpbkSMprCDnRtUbp8G155H9ikzgxYhKbuvA1k,134818.17
HeJ8UpJRKd3anAeoYDZMBeHoUvQDsRtMstsSrBjA9ypU,133163.62
86dbGF5aDS7nFHiWt5MH2ueXPfz4zWCdmr7UzZBx1TFC,132190.52
49TFzED7LaLxGJ7MimG3fS3icA8aVmjAb8iM1wRSqkFy,130830.44
8ZYcapkstDdqNA319Kb6TMdx1zU1Br8oqWYooJZVaHpG,129248.79
HMYrzSJ7xHE3nPhywfUrfrEQekuDeZbGk9h7jCXyt9Va,123369.37
25mYnjJ2MXHZH6NvTTdA63JvjgRVcuiaj6MRiEQNs1Dq,119074.71
HJparYWsZpirhC8QshssENHyXs8ZNh9ngYed4Zo3VJ8r,116224.04
4hzTXusZDJgoyMmkm2eMySwMcQbuvPLZeTa2i46Lyo3B,110000
6WNd7HVJbeLvDHUXbw4EuR6nrZiQ3pBsFusAo23fFNtn,107494.4
C9SfY9PgzRurLVUj2qgoBhiCmDGN2ZkdShHH6RmAZXqJ,106957.41
9omJgSk2NskBvhrZsR8haPuYhbny5iXReVQ3AyviXjmT,106336.05
BEkQmBi88nC1dfqpPs1niFGuRwvh9ug3JYaKybyT97c1,103960.66
9Kjy4WL6Vs274CdWL84JKtFGmdtQLXyaYgqaspCGfnw2,100913.33
J6ubHtTr5om77UamE6En7rVf6StybeDVkzoJi6qAWmbP,100003.18
6d3Aw55xDZWows8FUj3JWcAwcCicr2d4UrpSbSzpZk2m,100000.65
2cT8q8oCAmTF18Xse1jSWfk9B4KbZSQekbmvoR66xkgu,100000
cz191bRYY7VXoJbpeCYjfPKDS4ytcUgmUd7P191SR4N,100000
GGxTuTkDEcroFzvPye5XJDCpu99KqcLPK99sxwAE96ZC,100000
Gh4yfbFNCCcG4uMbeQC8wuZmWCNkFLFhiYfi931JPegm,100000
BYN8BfqXPef3YHUvmjfHyuVM6cHCLy72Y7TGrPt3h5mx,99999.07
4bdFJABVoJxWndSe8SKAVj8QTXcMtbzvzQkEfRnRMbhP,97891.15
DtxmdpyQ2LoSrasjji4Mzv4TMBTvuq9RCQRfpPJgxSrs,93320.23
6q64FD4xf9QcDLFtdiWY46K6jjnf5KgmryvNs4uA8yvp,86128.59
G5UdANneBDV2nZf9q8Zt4Av9S11Anh7GAixKvth3dfia,85187.14
ExaWG2ei5FusEUKUL4eR9Lybv7L3LegDZFE4FoDWmHtQ,84763.14
2xixgd2fgbtaV5ujyuAzXL1KrYpKeQQRoiUnw6vrRD34,83190.55
8wvF2ZcRdN1KTd2Hhy9mQFDBkLVd8ruwbrw2cVGMrGJC,82918.49
HHFzmPTMw55LuMmMpiHdZpZXTCEZHWsH6JVtzwBoqs8r,82457.83
HFZjEEFJzTZuKnFQbusegLWdKqNAJJ32TX9Srd2V33Qf,80152.14
EfHtKCA9oMf8bAwvtiEv5UcEyYJQgf8SivFSFxpfRvHh,80009.75
3w5DaXf2mATRoGjkBpgjDwZ3x4zP6Qy3tbRAZqkjVFRk,76146.6
7p2jeePK7ESShLuGhKX3EPPiw8QPJhgjojMs56UZ4R2C,75368.1
9BBXhNr8wagtAJiHBWVwHj4inxmXgF8LV4EYS66EQrzf,73165.86
818wpYPVaGvCeVHXWfapcgCJnSx3VmGAaMRF4Yta8jFE,70029.74
7rKMbR1yPb9vFomFLcv4kf9oRAnrXWbLKQKmQftgyafZ,69072.42
AmxBtFmehZpYANnW3ChiqiunWS75jhJqr4MXLeYJsCeu,68044.69
A9u7Hw4QJPEz5zv4yMaS5JW5CwEuTKyhDd7ZGJYjoKrh,67479.89
2v7UFBqcVFHSRf85p5EzCErjtW8LRC9fShRMUNyrbf7M,66362.74
GoXKfu33uVtyPhWxAtqSPiUPWhF7Xov8iLsBSiif4eMS,65828.82
tsu9z7fCuWY47r481HGCCrPGYMRKq1PCHJMmRf6WQqS,65370.54
8ohXs4oHpPbAmrg5rKasHwgMWqzGTUyECTvqdEhKC3Fg,65154.84
7PhVv5uYsNwJg9cK2v67wQbtF3aNeUk6SzJogwEbLBis,64510.16
GqNrx54FR1S5NoLy4PXjMspw979M2c7fujAS6Gzwgi79,64103.12
CwUx1kAy4YzkzoyGfyDvDy2jJyTmeGfBDPvK4AGaaTSv,63770.55
H1LGi1K9BsJvSFLKsigJEmFiGAE4BCt8yhRkTivWJ9GG,61943.91
4TTtAFGwRyWcBV5bumF5jPms4guEqJUZUdTUhtxTDE45,61538.83
5LqdxCuRsw4RZz6xG8zZUZhQFVu5w5w7zDCphME3FFeU,60096.84
7FnizM8S3MHMiDNbFoayFcmQh3AgdpCnToicHdr46WrK,59505.74
GV8A9YQ1tVCrL3dS3Udgj2C7dXR8pptCgRRCkRze8gwH,59461.81
EonDRLZunbawEKfYrarMQ8TRKaDfXSvE4iHsEFCtHr7r,58769.06
78vAwV7tmreQXoyP9rDRyuLZT6vVSJdR8eiS3gXGxVPM,58676.74
AEn2s4kCY3fX1doa4KpPhy5vzSzAvqTUVCMxMhPuKMnP,57045.27
6NMvdC1XjNNFrWXDkufsqB8r2z285cmmBsmAv8nhW89q,55452.37
HcLczDpYu5HR6hk1PCYG875xELi86KR5usx6Rj5CtuA7,55212.38
EgH8faLttPZXLjWQBHAQ65Zfi4m29Npgts817Lih8WiF,55179.44
HccXU9v472yYbrZmfsf34RXdZhoWbZGXWDrkDF8DyUda,54979.1
3nM7c6Uy2bsRaf96zZpunHhdGGDhkj7AouXUAS49ktJA,54112.26
ERJavPfK6jrKpv2zka8jbW2DNUFkNznQrJPkcst9hfRC,53517.22
CEWWD5SVmLi7rxh7524rTbF8Sx5coWJKsg9m9TU7cWXW,52931.99
58FU9mjV2DXuVAT9X5pVbA5SaCDstkpUeTxbfH78T1FZ,52694.77
2Yygg5B7YwC2gsfS4j4Zh7axEG4taiHxZnwW6YPqNLha,52515.27
EHj3qSyenfEsY4HGdtuQjGjWnEQfyngYHd1kTQt5X9C5,52458.59
HZ1aT9qR9wmA1WXms2ZWY8Tw8kDJxfGFNRbD7epVAjQb,52037.05
8rdgWVJbvVbagGGWcmsW8zyxxc5JAYHc6ajPoux3Nkd6,50000
ATUaWN37CZHpFjx29CxhF5cwu7Zxi1DQnsAkMYNtCKfe,50000
BgxkSecQznPPS5b4kvJ39zRCntKnuNJxgtWj7StZDic6,50000
BWkdg51gT1aKWMjBH37h4sE1TZxXvRrv7orGnZrMhpYH,50000
C8iBoY1gK9Dbkt7PYkdpVKJvW2ERgVMfqwUpSqmmeUTV,49716.47
Fjg2GjKcFBxTd1mtSg8bWD1xe9Qd5D3qKCZjKShinKsW,49406.96
3DejAhD1bksdKY8zJ4wbu1NjuPzuYS3NueYqw4AYpBEe,49156.22
acS4dSrm2sLvCpkSfhu6wkf3WJia7VDKUEfMNUZ4qmk,46969.25
HjMRC3Rq4wXf68ubZPxjZRDbHFMicrwuXipHJjLpJerA,46800
poopEvQt9wWjspPbASxN6QHkPXMfUYBVUHHJNZSCUZe,46100.67
APv2HBVpSpGig1B1YdqXxFFLzZddDR9dNdxMHxAmT6BD,45947.33
J5fJJ7DtGADgw9xtTj7X6myVxADtmcVP2X82x8FxKD5d,44347.37
Bf9Zb2WALWcZudfzQe9yJCSFJmGS62LhqF7uvTAhNrBB,43889.26
ESjdSbT1BNYJYpxHmQ8SnKnbrZw1MkwTKGTTzTbZZ5AZ,43736.38
JTJ9Cz7i43DBeps5PZdX1QVKbEkbWegBzKPxhWgkAf1,42711.51
86zk9dGz9qp4hkr7bnPL6nnDvM6zbMHiUgwtfWhiXFdY,42682.2
9CFWW6aH2ZamASqxPQPPuMviqd2K7BPwstWJK4CTTDwF,41665.89
GhyU7DqS6GoKoMEAPLmhxVJXQSNaCKpKEWcEKapHicnc,40986.27
5v32J11rtZGuftrpraFMPtgdEQoSbvujTHwhWLgyEhHb,40870.64
CRZXjebgw31vjVVi566BcVB36Jsfcr7bFzSvsnLEJrh3,40615.99
AvKf8bGW5nmu169F9sSMu3ifh4TgfJy7aTY529vRQ2NH,40514.97
5g2Zir2ZQXHp6Zv5H2Sn8K57nruxbs3KPg617Ld9N1az,40470.64
4iMzUaKKja5rjpf3smwMBb8mM4v96N9JKLUE5sD93vvE,40360.19
BAXktFCA9JB8YFks7vZvD7CsJuvicdu9Uw8V1REuD83w,39934.45
8VyrnPHTj3gob9qh2iJTo51BYkG38J4UfSDqekd5khrz,39428
animekYZMU1y4ieFN5wuSC4qSuN1RgnVuGWJixJu8r2,38573.73
5AybdtFT11KSVrr8zFgnFPcNzjEf4ihaAtC8z8Up4LqE,38446
A2wpbwWXSH8rZ1r5cFey9r5mLYEXb1qZYznVLtGAo6JP,37999.9
F4St9HABHQp3PG78R8hmXNjnHLh6tS7JWvTp8j9E7nK7,37632.85
9gCRJT9oqr3KGTKHDKBAfE7MyiJGQLnqhg76SH5UUUwq,37609.81
Ed5ccL715k3oWD1ekM4u4DhQyjcXwgojVZB1jzQHzYCK,36008.34
HARYfydUro1uc2pjZxE8PppPMPUBkQts8gp943a51K6D,35271.58
AnLWj5zHktQQAQsRg7n8c4sLE9JLN87FpLPs1qq4EWUx,35148.07
7RgYWkKTynq2mKX1bfgpXCrsLoEkcn6d97vRhvTFNUC2,35044.71
2RCHNwdsKQjrcPSo4YvYfnjPGxjjbR5tvsN5NBGqi7GM,33811.46
BFkVYhsjMPaF2qyCpEM3zxRwK8qThZfWvbatAr7rBFQN,33406.65
DkS2i4X5krcBkwpdHgzHwFVGrfzxuzTQyUHLW1Ph5Y71,33372.58
6r4D5WdMVKpSubxfri64W6g8PkwhbZ3GM21Z4AK7Ebm5,33333
B4YaEBzU65eWMwR4AhLhgZqSaCXp2uVJL5V4rz2xPxp4,32646.56
DFMgtLZ5VUhsfzvmYENXUzwrFFSmtky85uvLkKb1Wefs,32416.83
5ZMBKT5AnWu4tWA4fW63MUJixQNp4qj3DadXNzpLYSvT,32361.5
Aoe1XXmvUBxrGuHVxgiJtrm4rEM4xxyCgP4o2WDi8Eb1,32117.86
5WhhNdxNPrsj9iGrG9utkdQfirxgUqKFoCh2wLdcSygm,32000
3grzySQXMVitGzFkEXtySas5pySJfD5RjwVDE1iriivL,31949.05
FyPahdokRenE7cec8sLsuhXcP2oN4t5TbXnRgrqfH8kL,31662.22
9LvNy4ELDThSa7T4FgXDS8pJ8dMcQeQmictPApmVjdZv,31359.59
3U9vJrYgxT9sNRvKgAdxmgYjWDCSHF4cCNfFSo3LmfQf,31308.85
A5T6AVfehPFwPfakHcRc7ePrDQVcqFeeSyEKTwbXDxAf,31174.08
3Z1cZibmRh66JfPt73p88faaRKdowrQdVmBhF3F4XoEr,31135.23
CNxhj7PeYuJsoHkUzoTJhcv9PHbvrgMyjXn5MYznktBo,31094.42
6JWnU2SD4SnRPKY4oAimhbVeY1AyUiU3teeytXzPwSVK,31019.23
9ipE25xYoEBhFyWNjvKAf1Yp4qvj4gim3eAoeXAY7GAY,30607.68
47bAsvHZsLH6FhBZ4qfhUqArYYjMUgcAQ7gzRYKf3yTe,30600.64
24RvKsVfWW3tWjFcY52TH19uXZYWrAZUR2XbevTFnQbE,30505.93
2CJfKFJ8r24NoiP3epxqdiP3ECPQvLyJmW1kkGvBZUZw,30345.87
CmmS44i8KCDnGME2N1EV5QjVUS11hT8pfLDGYZqEwqBW,30122.76
9KpjYfRiZ8uWQi97vqCSWLQvpARUtYXzNXq3Xw1ptN9V,30000
4mteazXEStWyCTxasnjqsDJ5WLYd8QF4ui6Ve25ixa5r,29600.6
F4N7xJpYosvy9M3JRfecFidjSRxuaTPm8dEfaJuTBvG9,29538.37
JBnZmrdZ9J9o3WdDouav1Z4Dz1aUNDLvwGW4vx7GgoKf,28681.89
G4mhhLGrzY6vfyg83phamHWR9usELpQ9UcsuYqSeADt9,28534.82
6f7baw8VNTv1C4E26TtPiMgkFcRLznDNFRwuGZ9ymTSM,28371.66
tQ2sw7fx6J8aV3icdxa8L7QffmTzzBXLyF2VCVZiRzy,28369.05
8buqE9ZRrQk8F6UsXNgs8LfyzUnZsNNkunMZnRbDmCgh,27457.99
CKNYJwnPGgwDpX4RttHNzpPgYn8uzt9XfrYq5fM9eryn,27293.48
5cju2fzEvhp67aQwP84U9ZViL9nHeMkQNbJghWH8CPPd,27243.3
Dm2Gh6RAE8epiVisgqyigwQJDtafyUs5QLMwVUPakzk5,27116.12
6kVb97sp4APnoFftxdBs4Tc6ziu9dcGVCcEmh3rGQWAr,27088.17
7pbozn3ezxQMVFRKrTTLvmqDZoPeq8Tm1EwCbZhuBRsg,26979.46
DXEhVFPGNJ3DXetpnCp2XNSCEj4m2U2MPgje8QH8QWnX,26485.09
7eZJwibfisL7e7VsR3nQL4SnCQe3wBbBmrXm8pJueW7c,25907.83
31Vb1Xd3kE1VhHFAujCymegLNjW3QADSjSbYnwMnJ7K7,25726.76
ATN5m1E9hP2Adybb1c6VGkZQUyWWLqQNVVv9kPkW6Q7Y,25480.72
3PExP3qCu4W1TjKT76g9U4FdsoazSWCPWWHjJ5SE9ygx,24870.92
GVZTrsE9nRzKuTLeh7ifZLbvbrE4S7v9cQt1w8UXzm7p,24787.37
D9pi9ikjjNynw92PCbL6xEeaARWgctwSZHxfaP7sivNM,24761
E5zTAihcrd6uGFgZT9hEjyXAdaGHn9xwgwVf2fgrKQd3,24208.03
5biNb38bjd5so1w7yLLiH2aEfd8rTFaTaVtZFgBztGEe,24040.74
4r8Ngcpi2tacnfDHgwpZ5BcovAdszDff8Kg8mv4TCioB,24000.39
FsW7zSmH3Pqrni3YXZwasGdZBcmNhtvQ42ZPnQHPpemf,23962.09
6ediaFbEHfq2HMLBfuuqDZ47Uu7pg5uMybhBrdfAoE8u,23894.12
HeqkcLL3o9DZJdzMowWzz3JMEGFiLmVCjmNUNTSE5DSF,23741.43
DsTFbFEUzNSQNSYY4fNW857HCpaCN7VtGDDSsGxB8csy,23570.83
FRL2KPcYFfR9CaxpqshorPia2NBatNJBcrDgqScpXyP,23121.74
9zZBdyxL1APuLi3B5qo93FHDwMBykrhMFhoM2Xc8Z8SG,22850.07
ApW2VWQ9N5EREzbuRABETuN1Q3eK6HcVAojBobaz5VcP,22298.18
8erhRH4VELhK1CBWJE8eLXcquE4xyzQZnB9XngiEuAhF,22236.82
BD8T43m8oaD98cVTBVtLYzhvCZiwqo1Xa5yfdTHKzrD4,22211.5
FgGa6qAuvwNp9ksE4SCoJiLswUgCHLh8Q5PoG2Vroq9Q,21829.14
3Nezmfbcc7ap2FTEyGqyG86KiPaGd2w8YnYBsfbYPTep,21301.42
5UuPWNAvXDfEmUD9sD7UQLpCnDaRWij66fnAc4u1Fniu,21254.15
9wpaWvQQD7rsN35gHqNxHhSM3bYr3MQEkDS7emx83PwN,21244.18
HdVTzEtYHg3FzrzKfUK1JFG4uEuaXZ2MU5x8b5ww87Uo,21117.95
27B5KiCNQQx6KLWFtUqUUCV5BvNcDDqjQagSmKB7fVQb,21085.87
CrtzGJj5FHezPgDfPABoPAgqX6sxpQXJZVrYFpLaN7Ck,20857.31
6n9A49vfzPz5GoWDYzcKyPeEo9LthrS5NMboARxhdYGp,20823.65
DzniFkyfaMDnzQFva8piXixPAi6u3PTxMUp4oXiQZapc,20421.31
CAhhwVppgPNPf3peVnuTpqdTQZ4v9tk1sab6Mpi2SvcD,20190.26
CyaeBLxg8NhHb29ZAVRdf3nEcb7cEphH4DrobDpCx7YP,20008.31
2hjgesSfG1NGPZ4KcGoqbqYeomysV6BDBmjqCvmm6ifG,20000
3JRMwuaWSxZXBBShsAP5VGngSMd34HDLvdZndpZz6JNt,20000
BfJAuuTUaLHHvmWLRb6BretBTq5sdkwaaHLZpii8R5Vg,20000
EoVcFkL3tULRM1W87L1bTYbvCwirChDDxYgBh6WcqPPv,20000
HxdFH2HsqwtJJCbdaW3Dh5KuBuov3Q9fMz7BL4pmmNVh,20000
JCRJwTcFV9beJcJNAVTdYgnTG6pizM2b2VvXJRwBSUKp,20000
75dip1QqEhm7UpTjiSpktZPtJcYfre9k49BSpwJy1ebb,19988.14
DPoEaCBSxqnJowimBeZTvQErCRkJHf6WZMQYqBwCZBra,19946.7
7Ub3355a8j3BFDyiGjborxpQbdUgaJWBoEDHJtFJWx2v,19941.84
ATLXtaS5KzDjf4CZBWD4mfVYA5bMECirYjWHupeearGg,19895.15
5hfV1WnLrespx8svdhqrjbacFMu1SxVgTCvXRAfsGu3x,19802.25
5toSUVqmcRtwvGXSaEdDgtctZqqfgW4c5iJinwt9nTrB,19796.36
7YM8Z3JkfJdrgedQjqnWhwkgFtqMWwagBbkE7Q1YCFTv,19775.34
6vDxmzfXhCxGfPs1JFev7mi2xAHeFG5z3uEtGCH5QoNh,19594.9
2T9X8tKDRCpLymWgs1Li4oe4LRZzZg8uN7fMqWC3tibK,19427
EBXErkTWxkjzh33ZvxV1tqSeCEHat2J1qNuXqEbW9K3C,19241.99
6AWBSkyTezoRKudkBwVMeFNn1eeaBw3b4e4r8hykLsdK,19067.65
9fejh5U8nmHWZRB2V4hvne7BKRo6reU312dQb1Ub4sLx,19000
9NbpJaJafhpZpMn5wWLPR1S6WAyVMxWYxjuGmFdnzJ8h,18781.86
7kjLQ2aGoCngcFftE4XpqVeQNNTK4MGSxUhtPrN44ULE,18517.07
BLusRsUSPkCuHeRkesE94v1R3MWBG9DB72dXPKLrwVY6,18461.62
GgYpGyrAyLkbk5vLYby32ZkKezCTr4mANELeeDYjgLMu,18292.91
5XjD9VtJH84uPhHuTQF1NzhDmtmhQpUUPCysP7DubeBr,18176.25
FuktuK2QY6GiAaMDGxYopzSZcTziqMoUEK2eygomrNUT,17866.99
ECbMGaqu2vPQ6WjivBvs7b8bLicRc4k856sVCk2dWE9Y,17509.23
CP4jzFmB1SA5ityd6x3T4PrrRxnpSsCceEMQsc2CQRd1,17172.35
Bs1HYv3KBCTTAbdd9mxVZ37xNKuSbrt26M5KTPErkgjx,17043.12
AMvBeRvywSvxjixnfy3wCdJbXhZhUuAHbe9ru4Kdr5cK,17012.72
FiTaFZwWdpYf1isfCauwCGtv4LBxdMGswv2eMyjtpk4G,16351.57
BsN72pjCR1n2KnnattotLPD2tX17BeDSrkC3MtECDgrZ,15891.56
D2zDnvF1nKxvJmf4EQpxfJ1MiXbQFRat6XRmuMHQ7snU,15587.2
B5kGqPETtZpm9YLaiDo7VcadXzreDoboCxSRET1waaPS,15331.66
FM5kzEPAhrZPjL4aiKdQBBE7RoJ9LoHJgpmYiWorsbtv,15220.49
7RHRcgcHBpCyq3zabM7aVpTPUPe9dE61u56UUUHgotUR,15214.3
AJpYePCmeKrvYi96Ui29JYihXCCrtkiwBtqh1nxxJwZU,15000
E3KWEyGiu9AtmJTpzbhr6x4RqDahDhCgQLCNMqDSMgVY,14988.19
EwCurVdMnfDb4CdzMNSoayxbpNuuBZfsoGKNCKscghp2,14825.15
HdPEdgHQnXGfrfHZwvmScdgusE2eSRxuRhcvR9vXGqGE,14755.54
ECMDzUh3cyTqqZgtyF4uD9oG2c4DaYYm6QPquGihibnT,14537.56
9ofASUzsm7Nwn2bPgdmy52dXDMU45bwJ6d92U1FuwFCD,14522.1
tR6BN7QrjeFyCKaUf2kNVVPqFVtz2J6SWXXwmHs7KaP,14483.49
HMLry1KjhZy7zSDSqLYvEKRUS4NitoWemS5ruUhypkNk,14361.2
BkcYSoteyVLmdMrtGsmPdNtij9MBuFVsHEKviCo9iQUV,14249.25
2k2osEvtUy4yQG99mZpsS2bBicqZuQZF5AGqAiZQ1Qoi,13972.86
AXHN78Wo25LKQiAVDSUrweePgbYDBn8Fsp6EMc56xDN1,13603.89
3CZBRup85uD7yyUYWQdy1hXJs5CBant9yFQnQhq7XMdE,13549.99
7Tqao7muCtedPkCTsREcss7BUkZPG4A8oUWLvY8cHKvM,13519.63
2f4CSwyDGR6ahPndyvT2FALC8c3VYEZr6dKMD7B4dsqw,13150.17
sN3rhnwxnWdMXyj2CJaEkAKCtzFxBJg6puTk6p2ZfBe,13019.28
4tmzvp8vdWid6ZiXAoFtHqKMFP98w9ANF5ip5h4WBm3P,12911.2
7pZ8qkJrXM1ibj1L2SEjJr1YhWndy3gKCtB5geyYC2Ph,12859.06
7fnDidYJE5NJEFCk5AXNfgkpqeYiRow3J9mJdBPG5se6,12788.51
BYezV6VzCmD1ThWcPeu3qM1zGajjuNMpwmAhSo4vshpJ,12704.93
6rmQFiWsx4mst3HxyKw6sH9fDJ18EwMwVrmunmMrcWFm,12534.7
ACuymDtzbvPvvgVJvkq3h8LJsJVQssqtruWFrQFnjKUj,12463.47
FzPMmni9tuu8eRMWH1aRam4WPKXaHJNMPhLSHN4LYJiQ,12350.77
3jZEGqJZkSwjWXirHpGiFFnykiuvuKk9ZZcbyNh5qXMj,12258.31
9uRGba59KV9VzrzJMVEy5oTpD7bsRLTGJSnGFP6vNByH,12179.52
J1oUdSi2QPqJdJouV6WvP9q3hN2tTrk8hRD1sUSBxZxp,12088.48
BVGeLK3Ro7D15pquvuTwBoND8kcrQAfZC7WqhvwCcEgS,12046.07
HpuC92tuYmQZwE9grU7eHjrzUtcsztsjnM3ZoYhQptiY,11999.54
EmsEZyQ5sNc6GiuVvLbDfEsXijKCkAFeoMbo4UkXh4jG,11870.59
D1Eht3t7VSqHoxJPQiobWBiWuqVhbgPbFyVPTqphrCiJ,11570.61
J5sMyzNgnBYV52CkaRmBVPjrAbzqw3GbzqMdK8a1tqrk,11465.01
GRFaqRem8Daeud2nw4NWqmNugM32TwuC2intPuRD5kAj,11368.38
Dv6MuZCAh1BJyAD75xbfY38tS2h4a1phBEcLXwJEqQ9Z,11177.72
7Av4Hqg9uyChxvxSQWTnPsCetgCbJRbfGQhxske41XNw,11108.47
ENwa6YF3T8xRqjLtbDeTPWREFrzr5ZzfHRzTzqqBj4h4,10733.53
G2o1nNMoGchioGmUgMhDoSJtD3N7EDwAnxQ9ua3csrDu,10661.73
Brc6G1iq3uVMSuMRtXVxRgctBZJfEtKBcqyiXUyWAijm,10600.7
3ChkmUfWG5Gqt8oWH4zoebyEStumY8Z7JHYS9w9zmtGW,10516.26
CXexNuaQXftM9kcQxuxmaRchYRMyCfU43xwdQbLUmZMz,10433.25
nbPsLqGYv88daEj3X3PMbMj8zCQFqdMAJZ8rf24ThEq,10393.12
Bjpq7SLZybMPzSyGpDNrYS19WvG5v9Man1yJ8UxJTaBv,10223.82
85e9xsKYnJV5Cs9DwhEZZv9JbjmT9HG4Ro9FCYsbFdXo,10221.99
86bRNhqFzNLJYxMrgj1vHMqLDmemzyWk8e3g9xbd22se,10207.3
CDPK6pGxAJPexhgFqozAw2zmPPRDYACxF7iJ2WhLdSqj,10189.57
2kRjYZaofhgoQCSGGT5AE2EHULdy4pJxqxRvgS9Rkjn7,10106.77
9u1vzQE8Sr6JtDW5MLhdsQkW9AzgakaRrWhMxAQYkBeV,10000.84
ABCB1emAHYmM7D1A43wX8piTYSvNqmJhf9UdBRoJ5Zhr,10000.77
5sR6uLCgoP2tJUoBbjDRPwEQk4raWqNHEHjMsQtDuXCk,10000
6FFtyzg61NcvvkgFDf2h5Sumyvy8RYDzn3vo1xJqpmTm,10000
6UQ9XNSm7hpJUhbv6bmbD21yzH1eYUHehDN5vF3c4TpH,10000
BVewyJ4GCwCkvhddDTXY6gcBhVtMT9RnS9mDfFSBeRLd,10000
GpFSrvdsdwht6Szx57uT8DNsvgaykwphDxEq7hefq8sV,10000
865JnKYx2sq4By2Kmg6qMc8cERSutrBdpA9uy3qeL7e6,9688.76
JrpxiA5SfDGbaWvviEDCoGwH58mJaxVLCVkGNihzCbB,9530.16
FVyhXYazi3SoJQiGqnMKjGJ5knCCruntT4gbpDppMSN3,9493.58
83qmcmUVuQdDxREt7Ljz3EfpDe4v72mNf3exLiT7kGYo,9471.38
4FXWTQatvsDDPUyDTKjsbskxtnXSxVjKsBh3LZCz9HRt,9126.82
EV736BA6xS7H6sQay7Lchki8dTUN5c5HsZsLuJBmKVm6,9064.19
HtC9QMzT4omP6AFYeQserjHYVBTHfJwp55tXsfnY9iHG,9000.02
8yumvFegvCszZXmwBXFCXViXg8DsqERuZyU77vNLPdLi,9000
BvnudbodQehK47XNGvecHYoCJ2BcYBwjUDPUTQK8w2hN,9000
9cf3DjdEjALAk8xhUEFuAvcoxZ4UoiTYYJnF1FtrBTCf,8865.74
7wZPVvXAE9k8iTqcJxhkALu9raLXFxeYEvXxMo5rGqmn,8796.39
Gtu26SkZ4sRunX7wg4Mk7e9Bv3ZHAt2fKhCNYSYjqD77,8779
Emy42ZCzQf1v1cRwf3BnAfSDFzYc5jx33X6Fh8TShrDn,8600.5
Azc2YUopJoHAzG1BWoWTnJPuQ7HvqcWBUW5HvaDyGUEJ,8595.5
G8chMVt91zXhfHFER7XJ7Wfte7Bo1Xx5oq5DqH48xRFY,8550.36
6gqpiEp6jQoMobApofmrWN1acRW67o85K6zysxE4KMqp,8425.3
FaAXBqicQiHdTDduSJoX5aTS7dGV3SZPBsQGDxze74Sq,8421.67
GE1Wtqp785ycmycbA9FbMBZ3Pv124g1HCRBxnWhkfoev,8400.25
6J8eAq9nHBb5ACAGpQXqiJQyzfj7Fschr4Lnt7Fbqbgo,8374.72
wJZgtBZswAJNLPrkX4UDyEgx99VfrAYP8SfHjdxJWMb,8266.73
HnYdPBtvgbhBeybrPtfqjj8RYPF76BkQiHrXZmnFNb5H,8133.42
3sBMiqT6GxJWLvrgdffA77qXGeePndxxbRRGDxc551b3,8109.23
G4Gf3eQN5QaqaifMa1wGG7F55vs5gmP76PXKATc4kkvZ,8063.83
4d4nbLDZNuQQTztUSXGJ8Nw6h1Jmx7YQcfg6HKzBqidk,7895.59
6eRpuuTMznRhs35sSDZbSq3Mx6Uaukcxvq79xDNSN15P,7866.81
E8UGqo2DTeLQyFJswq7wy2ismNY5KzRe9WLcLxbHVZXw,7831.55
AqVxZfVsFsXo2Kd4ZumFPgMqjGUq8i6b72aFmBjb4yGX,7775.01
AfQ1oaudsGjvznX4JNEw671hi57JfWo4CWqhtkdgoVHU,7682.11
HWZK9NtNFvYpCM8pTeBsHYycuMhrxonPWfG88s1wxmZu,7681.7
4qbNDK4s3Jgu1wUfTWXis72vuMcE3Nz7r9fgTxHdKdMK,7671.18
HyugeRz8McBB3V4bN9o4HZo8Rc5vQoiS7j2qo17nT73u,7638.57
E6o3NfR3H7dgFnNab5dcUzuNeDpwT3Eh3G8JFTqEavNB,7558.54
FFdrPF8mMjbyaA5jhX1GoKJR8stBogStRNA1dHHU54hJ,7556.8
EGrswoshbSMFB2Ts4y89SNNzeyseKYpG8X9G2u4GQTy2,7549.23
GVANyG7G5znqgYvmVz4zGrTC12kYTFtCGFkecMYhZi9Z,7490.87
ADGbRY7K8UMeKChx6MDwxS3HLjUU11kCEMXKnADxbdGg,7201.29
D4qnvde34RTYciZadfmSrfH6ywJNSuLAZz3vsWNjEPd9,7087.95
2odoCepzyiTAXvg9D1YSjUoCrWs5Wcqr19YycH3Tigcn,7050.11
F8iBc5npcMV8UMZWtQXhhVt5iyrKbqLvDQPNr6GQkFEC,7036.65
8gfZUPwRvFxHDacUTrgRyvRwBRej4V9mbJYFUCZT4Qh,7023.97
CQs3CnAM2mHrYWNLDViwbqdspPDcdaMcxjXBCR1HQpeR,6983.22
7SrYu2uwG4nC5rHqy3bsMEfZ2bULwKZmbV5smRcVK7rx,6968.11
8LJyekGPBB4VtP8s8UDX6uXuVLSTwAvHaqBYLQrcQVyd,6871
EQxVvmLiWNS5RMczeFpuwxty597vEMAFVnpBJDjpYRx3,6683.85
CdUtV8xayp6NwswPybUJHVHNeWd49Fq3QCYHRKqEnkc6,6668.38
FWCrTTk3WVyxMwha18Jap6BKvBmTE9dVYJW1u4TFQa6n,6662.82
FfvGd4yC8JVGEhsj34JpwiUzfYmJzenHhov1wpbYii2F,6501.33
GCf1ueTerakpVKVc9qjD7xnHfrRQ8udKxodwjJaAfg6A,6386.85
6YbnVnmF3NP1B333KYsPb1pwcKq5fFBNyeZacVyJssxF,6381.99
2XmsNRUjNQbzgXLzt5dD4L3W3T6WhZr68jtNQKknLHF6,6295.47
G3kPvFy2xgK8TAcZvPAphHMLSN3FrwYBYrx7RvBk8z51,6270.59
KYU4yZfFQFnU9cj94fdtNG1p3yxjyobHPFX2BmcfZVG,6169.96
B5MmU1W3LVgLznvsxdSzfe9PPjcU7NVaKLLaSvVr5Y26,6169.21
2CMRsMYtGkWxJJxbDg67XPgMrffK8QNgkF27cK4d4ydV,6150
6RWmopKAqNF7RjuGa5cvHTSsBxHPxhnp4FxsCQzFW1gr,6144.44
CqJCJkv2LLh1pSzUMXCKMrMGFk12TEJc5BAXCNGuyPnk,6017.32
Ciwq6SKSfg4Sjgysy9oUqVfDyhz1jXwBCjSUEXFcv7vM,6000
DXdjw4XbY9VUxhwfzz4tNQPL3ZpYUho8YG2VxN2x8NXM,6000
GjdkwYjsy6X3oHb76iWekvZkydZi4aHsy2xoRbGeBPnp,6000
Ada5ZQfySqrXgj4dAidJtsmePuEUGew6wbvaRGyRei3r,5976.38
8MqKvLNsthfSzB6C5ecpRnbbG4RhcYGTpPjLL27EZ6cW,5729.24
DuTnZd3DBp3cDozg8uixwzUFcHJA9HWj9bPC6XDcYo4e,5726.48
J6yoA9qLbdDUpBxh4yzV8zaD4pUxyavEJonT8o9JBA8G,5667.85
AsHCoCu8FJb3UvJhAkUPD9JnykgVnC8aFfuu19A4jHBE,5472.11
A8PotdTVF1moeHiyFrAeT1K1Sk5eL7PNyzkGCTDHMhsW,5436.78
8tXmmFYe8ccRPy916iJTAZf651WMfcgYiLNgz7MJ8h6u,5412.91
5UBKWj14iDLRJ4ihHL8Ek8ScGAb6MFdZAp1yCp8RK3rC,5181.36
7xHojFnPLbvrw7uNv56PgaiqywLqWxv6ori7aKyFoFn3,5064.43
4UZpGmQ9efVhYiRqqWPVGteKqW8xuZKDB1MVmByeJB6K,5002.99
HDfgxApvot8D6S8swTcqwGcJBj9tmjHKTLw7YF3CkRKY,5000.03
8Ceqs1jfAeGznZh4XhcjxtU5xo7tEpqnRG5qc4mdfBi3,5000
DARWkHssLAMwXRGMURWTP64dfySh3CnRTp3eP2nDasyQ,5000
DMuYQCqViaqSZddF5Bcn1spSJTq4mjBgnfa5WbpeQ3V5,5000
EiQBpqr8MAQ2q7dKLc15RmCfKAEPKHHLkPt377ohQYY7,5000
FCb8rD8VXvsZGW9vMUExH7gav1pPQrpMN1h42QALogPK,5000
m5D1Zcj88ymx3s7N8GM3TJJ6S9RfjAGktCdHyaydAeF,5000
2zYazTVB1UhEqGNeQr1XXutYLsUPhrvraCJs3ktG8j62,4999
Fwrh9JDqMhzius1YjCKkYS1W7VBC4dK9qyjTyxRd4yNp,4955.76
ADQZ4frBcxeokaHVR8AVxPrXizbqHU9HC4yg9WvnY9B,4829.98
3YpVvZR47c6NoFf6dHKrX7U5RE5cqYvhgVWDiKhBWS7o,4707.97
EuycZbJiKb4tnrb2NgEDKYjHyyhg6qU93aDvtufY59oq,4557.32
4j1R7EbwgQiA4B96toMLR6JaTNnqrgm6fqZeUVsxXHvw,4553.56
Ao8v5HLrLDaBwKVmrXt1DaugTYKnVYnK4b3QfwJjPcAh,4509.44
4ZrRQ2pwB3fhTkQqGgMEanvhFdbB8bGvf5EwPNpHc6mc,4457.72
BhvJ3LhQegZSYTeAztuEPnM8KGrX4KJEkJ52wznG1thc,4369.32
4cKaZLGthvbaGobEXr7Nmbd4bS2dkHf2szjo9veHCVWu,4358.25
91deQ4bnt5mqNDWRMewAEZtCvXVcu8dmShJiXSMHr2ek,4354.23
37sD3iqMWGzrBZ82BwmyyV5DVjkPomuTcrQtoqzDfNKY,4341
69F7YiV4wgDEnhjwFgMdEJjAKFKUkrcAGPD2KF5pMBb9,4272.87
HZa96LhFk2ygAwJvDxD1LR6mjhbnAbDsjC2PABLPwDQu,4271.77
AZPV2A5wQYFvRBAJuhWeH7tkUFD8ik1bDTyDPqPvT3v,4209.31
EoEct2LWFEVD6ga4qBFoZ9XsQ7FLuVBC6tEtR8b8UN5K,4162.51
J6kn2soVPj2cLpzHKbNrQtr1e2JRQ7nreHMzsjmivc8p,4093.4
9SGp6dek59DWEHmx1MYsF8w2RbkmcuiJT2gFTmAEabjp,4066.99
3a9LQ8rvpcNcoYZ4KD67RX3gaC463NDySYiFuDowiGof,4066.08
MGsxTi34YzsAWEmPPEqUtcSf7ZpYw7qzasru7D2duo4,4000
9TTB6HcBQEEjuSRBsMY13W9deraqja3dMG9VPwfhvAgB,3942.54
CdYLTxEriQHwpjjvBNdrg7T2nYPrRnF5vbu5KLS5SV94,3853.73
J9MPHv8Gd84zsAWHvs1KUoxF3P3gDqUBRegazn3BW7V7,3793.48
FJfsESBySyRfzgyZmW9LCeENbnsnWtRkfggYg98Tn9tm,3766.29
35i2RyJ78T7Db2vSnJw8oeZzn6JF28v4JLcUfrj4zQ76,3693.01
5Jv49bwV5jW5SeRWgXuCVWUkTQNy5tJhKqEoFX6nfB5f,3552.73
54vYZNtH3cqvwVCtyaqCvP4AuKGbedoteX31cQQJixrp,3549.13
8gKE65cnUbupkDrQDKMiD4si2m38XeyMvh3LT38Tixa,3504.26
EwDiXKeRcnMRZ9Gd1mQkUUsVVzMK8EL9Zynt8msyGd94,3501.48
B11xS3N84WWRcyfy8AhgWBN9vs4kpAZRQf8hLsCU3VM4,3492.47
BVehVVcfr9svzFAYkfDnCbAYDLVxMpNQwY8fJ1yGBy8S,3415.38
FMFLDQUyULXS91t3z4aAogYNbEUZiGJE11G7Ui8mHiiU,3409.83
4iwa2S2j5YQXpspMyx2EGQ7TVsHkE6K5huTXKe4WgT88,3322.3
CzjzbKr8MY8SNTKJjj9YiC2NET4jVRsRQA2i9opohfbj,3320.05
98furbeiKemuasXGw4KLYVNruQtai3sF8ngd4qccreGq,3287.83
8mD6WWLUMpy3YTZVTmTLPco8qCbhd1QayodhVeoV3YDP,3245.67
3wxLfjkyTyxgyTjVEGiZTN3UYfrATZZdsrncQsca4GdY,3239.88
8EJcTF7EpLoMTY3ZAZiRBk9CUazEyxpe9oyo79ehiHb4,3196.62
6BSTX4XF7tWAgemb6mwJKy8xpcS3beaM6qDRMeDk8Tpi,3188.18
AFeHA4An8YLHAyeJMjc71R38RLJXayg4n4C6HcapWdpn,3175.07
CNqD5aDqdquugfLuDCRZQ4pQBsQeWg9GLzpPkAikVHAP,3120.21
ESLgeB73Mfap3ifparxQ4rxCtQ3VnKPsbMh22MW355Qe,3119.98
73VcD4UhScDmVX4V3o586K16iWopYB1cLDWAiCfBSr3G,3100
9CKNVXQwDxXKrUBfSspWSGWSQfFHDAAfGC2CgCRzy7pL,3093.07
HKtfKesi64ubxkoBkkDEvgEtXAEmwprtwbxgSxyDQXqN,3013.45
5kdqWNnc3ZDmoeDdFLxfDJwaGavvGvAwbDvFZZUCZxbB,3000
APapbtB19CJKF5VMVujgXhNH4wWm2tCDtvwheJ4VJjPi,3000
DG5mECMbPbxFEaCdfmjBz849YT8BunfXzTYU3ooDyyfQ,3000
J9fNHEJT2QZeG5RSTRtcqWqAjGEjeH5eV8FVzqRpSi2H,3000
2NN6bBdELanKf9XWgsRtHUAyoJQYyjx7bt6FCaCexZnL,2999
Fh2vUUf41iXxYxYGJNVRGzCw8pGpUuN8h9msB7r5PMr3,2999
39Hs5rnh7gPb968rSQbVkK6G7JynFnFcRMHsa9UHHxnR,2998.74
3nHV6p2Not3pTCvbKm8bPR15c1EDyjtB9XvVve7K8HWj,2970
9CbVbv3ZP9Rcndz4cCbSpRrx3SyNzE7tRWhaieFYvw4H,2915.92
EXFtsFcssv8khGBDoNrhtsUgFpbdhygLMsffJMeG4FiV,2904.8
BckLKb33y9dvtGbvpxGwKQLQRhKwu8HfFausumAwAhQ8,2904.63
9hBQuVYszMNAGPwvEFRLuEEHEFYNJwc7PekPzaGbayjN,2900
7xBJgzmxyDThpvJSPSMGpU6gSVP5KoPyPqiSUn1ADVjt,2806.82
3X19JSbiVQ8Fss7V62ys4mCUXKYkG6n5UrHWXoxPyNMd,2768.79
5UAoKBLNy7oVmGcL5QkMCdstN3RiaL31Ay67S5hBGMBL,2648.86
4qSvTGT6GftLsKrGJpybGJX4y87aCYQrpvz1PjMttNKc,2610.31
8pD2smHwLsQB9Bif6nQHa5hoMDfkNiouefA185wgu6fD,2608.2
HATzjVWt49E65Svh4hhM1NsF7JzSqMAb56h5cR7nTxeE,2543.15
GuGivLfNHgqHoMmcu77PxrRhLVLtj8RX5Q48PncbskNp,2537.22
3o6eo8ap67LAzV6zh9RpJS77iRCBMrZvLCzBED8NHKYD,2533.76
GfftPqSU2DMT4Y2NM7CvEQbYavAnk5efogvzBR42NKNd,2525.56
7U4s7ERWe9Vv678sRWWBiAZ7rv72hGsQqhZiGNs9nM2z,2516.31
eT6VGL5dEviquAnSU9uYwKfLzDAnWaR8UaqKRkLhHD5,2500
KugQiqybFxi7rNq4oGuemVRygkAn8Mdtrp5G4ELAxyb,2500
8kJtbNhmkuGuC2v8peuUYzxPLhti3QobwqqWhSA5hKEL,2499.76
DVqwQnES6hKqwMJmfB72XYcwkLR3zRNYaZK5ZitX9TEc,2497.6
A8ypmyiUxdS2gmJS6zVUWVd9s4WghHxUYQcT8VGGj5Zy,2482.57
2NkcmNsb76EHUY9xXeuqUiv8LSLHpvFcPrgRSbk1KC9V,2465.89
5kjgSvwpzHrGJw623ryZEEwqeT6MyURFB4Zx3983YCFp,2432.62
A5zd9ttYNSdTjVEBouw1cabGLqU4tfeYL88tVojWFeWs,2406.36
4NuedFFSpQF1aYEJHUi9gCayfzRtfJupLt4WaT3zaVKQ,2378.42
93U4YSU4XiE8FdRNXLM4kavU94TQYdUU6oiRkDB9hyor,2372.93
HKodnym39EynoJmUFcxgXj5Sr6RzWa3ZuDYXDNDdHw6A,2341.59
95AH4rTm1yYF8ASd7dRruf7VwZEBd5xTuxX8ZanymhCu,2336.7
9xNVrrL7EKLW5jpF5MBSv6hFGyuxXFR4RK93Fcja4s9p,2333.63
7UcJR8dk6bkLNek1e1WZY3ssvCP43NmcbxexTt1o7ecg,2329.83
88fogjQSJqQJfhtNvG9z2bJPYhy62Jk7U4HMUvQ8ajdc,2314.67
2tcqBJh1AV12vQ2fp2eVgzd1UJ2WTi7d2ZZ2xyeAGBVp,2198.31
Cq1YqFt9UPgCGMUJFsqczgV8EzxvKEJfVxQxsBakvLjJ,2168.18
2f3bsedSZXwWR78Yn15EvbB8TyJd6TNKyyYZkWtSNGej,2119.06
FNLXX5XiKwnBCeZyk9pT1wD2M7qp9brZ4Wq6ErJ1JWQW,2105.16
rtoDoDPnULqmJJYavfEjr2SGowWShr5cDBs8TPeLnQc,2103.1
2G2cRo37Kxn7w9EQtYReWDibp5rLPDktqomiA6nQWSSe,2100
36GNY2ppNVq9Ff72PQKcsBLzEHvZRzY9XyfcnB7TULX3,2100
EBX6kxC6FyKfawFCPdKJKts1EhBEJ9ue976EXrqDtG3H,2058.28
AVTmDo6mA4Q6xGF6QdB5BhV42vyCDhq23TLTMAttmKZC,2014.88
4S8rfZdESmRPx6rzMikTD97q6kCoteWDTwsR3UFbfZzK,2002
DDVc3SCGyH2ktFBCtxjXwWJPqVpoyCHJ65pvtQbCfGsc,2001
EScAaFBv6Lo3XiitkKvtPxXvGNeGxGyB8KVsuRWLtTCX,2001
8VQhp1sRjwfA42wabK5RAygw5AqgwRhXVZLHKHnGprLb,2000.05
5j7oaAVkXpGhiYLRroDEHjobKnLPRjK6A56xWzRmiJ1i,2000
9LGU1JjjsPKzaaG43mxJeL6nYEzpYN35cwrn8P3JXGbd,2000
9vqJgbHSMd8cWoV5av6MQP7fC4D5UTiQJrkXqHkZjiw9,2000
FgBfH7zrsZkHip2mAiXgBXFT937g9FM92rDwDg82aAaE,2000
re5PzUybggxW5MF8RSFLKW2wksvk4hDQdWt97Bk8tdk,2000
8dQhKv4YmLX91Hd4nfiPHTgG282oGSb1SXS2PuVbUw1U,1991.03
EyuZ6A5oUaYG2afnwv8SRd9HPbAFAdPPFc9vrTk3mnNP,1986.62
AfPy3u6yxgs67WgjbMM3mu6FAVguffHj1NLZPM8hoH5z,1984.44
GM7rFwZTBsGhzsfvsjor2Rt6L8diRAoPJT2ucUF7Z3K4,1973.97
FY5hys2oTKTK43tobKL4EV3UDrUKrLC1kdcLeaZdumTx,1973.61
HkzqMamKXw2vHi1fNKEA5cFxER2s8meDFLDFkmkgAvq,1965.71
9HRUum9uNGwNdhWxGuEJA7vNjscsgtD6AwpccmKsA8C9,1918.7
C6a4HNGYuV3K9ifBzLTf1GSooqPwiANChJoPucSVfqBm,1908.23
CUZimLy7y3j76EYtoFur7KTPKdyqhj1LGDbJ13jid8mE,1885.34
JEFq5Uuf6qtC6cSiCrek4TV3RtVvW1FU3koCiSPxduok,1855.82
HdAoMPf4Ys7M7gqcJPeWWYaGHhqi7T1nv5v2JdcFttZJ,1854.9
7caH7m1H5nA8EnWfPmWPYQQ7XAprjzbwZhx5zPhtYU5v,1786.56
BtxW2xzfwLRngnmBsmFztBabWEf1Q6Nk2hXhKBfCy4qZ,1741.44
7t71vVQW8WFVGZTNyv4toVDWxnSSYMNz66dHYdhJPKLi,1709.17
reqhDZ5FqtZTqXLAqdbCNVWcNm23f25Z8g4DFb2JBmT,1707.26
FsejqR5FZmYUocuU1n1jCVippwDMjr2yxjjARa9bZmLQ,1692.1
361qXuNHsCfNDohj5tQ2JMHNQQ3JM5RQfdgQwZQ3efYd,1689
8HeJZ58dR3fHehLgDtFLN3DguJbVDkfY3qPFQ9G4Kuvb,1654.8
EYYUWRGAAUygCKXvNZXb8EePpASnRnFvBMKbfXR5Azs2,1648.05
5dVLs9DCbhZeCBT9LMmfHTaNB1BNMDrfZL7UEFJLdJ5A,1641.25
C5Vf58azS1UG2YszpNrtK2G4FbhZUq77fRR7GhRY9vdy,1628.19
4RKSfKGCQng9rU79gux3GvnpkpHWDwGSQm6VzTPxD4MZ,1613.96
94QRYGvh2pqg5c1qMxt4CghzJYp8Ap9TfaRuBUTjrMH8,1599.76
DvpnSThZsJTU4pSWn74aQdrBMfuPD58vKjdv6yyzNSCB,1596.63
7sTFsWPUKqDdUGwkrjDcbA8eJpp1uahdArtHnckPjYVp,1588.6
7XcicKshHxXwoh4mE5NG59xYZFPD9J5tErDxaqEZG4mo,1577.63
8QWD73a2CK64dPd64WPPCijy6X73Q1Jw8qLPzyCa3GbS,1560.65
G5eJDv5DakysGEL5nYC8xkzNZqQtrXV6Yww4fprNf4HL,1552.14
AjSt7GtPJLqnQ3T3FBL2oYgjwBsdYtdrd2ZVMLYm2vWD,1545.46
3PnBcKSkKriKDsZ2UHZ3FophDJTFboY36boYYc8AAxFW,1545.33
8J7WychyQbJXq6Vut1q4dWWbAK1wKmamJVyedZWFEZsZ,1536.32
B3an6DtWnNXLeJMgjNRgfjQPNAFoJe7ahizJUA2JTcak,1531.88
DTb4Ym8dQWUynMKhBoQ9cj5KyXmySP7jXovmdTZsyb1P,1518.87
A8LsPGenAd1rbGQ5HoNH9UTni5sCwwe7sWmqg4R2QxDr,1500
Em9j6ThM9KF2GNxV1bRqDjNvVMvPK5UzbdwkGGnPqgGU,1500
64VLZq8iTeQhNNm8qwyyPtyXdaxuY76YLP9h8vuv5JAy,1499.59
J3jrXGrQs1z82EK97Q8GmX3FajSqzdK7KuoecBBXgX8p,1480.16
2oMWRUAvwXvLWLuU87qYBxL1T8ieHa3jU2PzTSnBdCfi,1470.31
BWFxegoEsFTs3poV6CuEsgY5mt8ViCQ1WRTJdkJ9SPTd,1431.33
Bi4fG7psjYvhDnLHJ7nx1W9UqThN8mNYBUAEGgFoKZ5H,1427.21
AweuFfWSWc4uYgMtS2rpiW7gYyqk5WgKz552Vhi3amsC,1412.68
AMzHbsqFSftcwxJYLVr6rWEYmAJp9pCL4ypFGQ3shzyG,1410.36
EoKm6Nm8kEA6GaygEksYtTBpuXTLGgxJUpxSCTP1er7E,1407.6
9ZkbsJejCyBLA8tsPYWzPvPtPb8uvnRXjdhqdKPSqtdk,1383.91
CNwHTBP2TgkgPNn2p41wMKiF1kCyGuu86mg5rTyxqrt3,1375.12
HqzgZLN8ZDCSktD2AA4HupDmucB4XwSYmXpGLTjAkkyh,1357.74
5sX4Sng1vgDPQ2UXB2F6PFKb8XeWg56R8LvsM1XGYKFy,1355.36
C5J72a9Td9M5PBjejgqksxxaQCRSwSgAwZx6qaAs2EMV,1336.15
FzsLnRG2mDD43vQvXYP2g46AgtvsCeLRGExu19A2tUh6,1320.86
A2KToUHLjeyzsHr4j3xdub2KxQU3xR6CmJPqh2Kww9hB,1320.11
6Xc1V6NT1MmLTeNZWoKd8iGsW7Rt5HNhZxgTUsies65z,1289.94
74e41sW46gnVVPU8WFZByaFPEJT4BH2EbtpwyQAsd6sW,1275.67
GBEgCQfVxyQuUL2qMbG4DWy93HGaqieScVsKy2ni2VWx,1274.52
875Y6E37Cb5XQHijK11ze1UsQMJrxQSjZ26VQ751eHUr,1261.93
AuxRz5QdgvYwZjzCSranvW8MEvHiGa4pEQimQvcPmPZW,1254.26
FtPfeB94icHg9U1DrW8meBbqaSeaTWME1LoeRyoyAhq1,1248.36
EpzQqgFgQTdykjmsPpVLMfDrmXXTWmQiB7e8hFvJRSbx,1246.57
Gu66rSjxnoxQThhHNHeEChZJfFimowRFfHhuHArzUBZs,1241.71
2tfBMMArTju5TirykwkQdQtKYdJGhv2bjxhKYYnw2XmT,1238.03
BuTbrovsnYTz8Ufh9C8uenmXDraFCDrNTKqzoez8GQxc,1232.03
F1w4CJ9rW2oFVUkyx7uMkshzx6W12ZMfSsRw4nWFiazg,1228.39
9xhMdGUot6YDVX7YGo6xkg2jEG3n3RD9h5QHZyFyxBxQ,1219.06
8GBUHoGzVvCyqYfDkDCXdaH43Xnqh1Xicj2WWedMwpPp,1200.92
ApuC7rhkJphyCxQcXhJbdRb55WjNjqTtVShQkQJ9qXvJ,1192.76
3wQpeKYT2raKrTpijT7H6vL9Jerp8d8PvaD7TWUGbQDz,1174.14
AeAsM8sBK8jfwCVPqHEtYxy76Zg71hT1cBLZ9YC1AKgi,1153.45
9VyNPge9qh2Vs7vWVYA3zLa6Q8F55aujMc9LbEP36ZWz,1133.84
EvX3cLuSSNByYxvYPKENp7AdRdRew88wJC13BMN7e7qC,1130.02
2CMcK8cXWGTy4HUh3TxSgidc3TADxH1YHikBP8D9stBG,1127.74
E41J7ziGBV7o7BVpKUpd48WyueGrj5isfoX1fZrBSH9v,1127.46
4LcST9gBCM7VJRevegG7LgAejeugAF8YGjdkuygjbvsW,1123.23
LeuhP6b2qisK3KJoEwsi9xvUoK8CA9beJJUNcxV6sY2,1122.42
EMjm1D1i6CUPTryKxHsEHkCQmUo4ccWBtiK5pR66F51b,1117.05
ABv9zzudHVFq83kgTFwMT88c58r9jy3eKtgCxKY6j6Mf,1109.19
6euZD7omFUVcLZjoxwwtPomUHkYZfabbjpJgtUEPepe5,1108.92
Hh4Tudx6fT6MK6LSKDoWAHdEqVZKc7zZWycHjT91wh1e,1101.99
97wESAD8tMrF1QMfVxFyMqVejBiEdfV9dQziF5P7gNuT,1100.12
Cp38ikcPx8tbFPRzPrsw5GDinu41mbZcaAnJHnGRSbpK,1084.21
8KvFxhRZscooYnzWx1xiQ1czWY1Yq8LdGJqXCqTtuVhn,1077.93
5ezhpcK46tRuvKBkdoZvoWKcNxMJXrYNv7D5QyC5ZCk2,1071.79
36tZ718z5Zv9xuyDGRS8pkNUBrSXnZ77TzucRcp8GCA4,1070.1
DQSd9EWgTHorSysW9h22gWuxdmSmA6vFQo8kWzjZGg9q,1058.39
FwKz8zt2UD16qBWv5UiDX5ERTJKYrCVEF27qKRjpHpAE,1045.92
D8tiqxRckYr8WxzDusymXJJqkTEuxRjB6SQ6XVDWGx16,1042.11
8P6hyAp9DhPeJo6QsMQvRCiXLrJGatwZmpX5rgcmP6UL,1038.19
sCkE8aZooavWwAQyNKC7AKsecsZjs9ikthQ3yJFMDMa,1037.8
YTRtYMK2WEBqUUDfht3r354YDDXD8tpGSJkTGuottKH,1037.53
6p9eu4cRoC2pWjNotJn4jv1NgrBzUpmXfUqXXacYrYhB,1023.05
FxrhhG9i32KqQfzYSpxL9BttUSM2Grxmgjwc2KWQHg8j,1022.37
BHauzWEjEF2uGGDMTMZhGyXNVNPNaHnawRGNNnww7km9,1014.81
7kB6KY1k7QTp4dX8rGL3Qu2FaJqAci5p4AuWqrwPi7TF,1014.69
66icKduqyY7gdZJXAyRZhEGbJ3vF6oSh9strxFfGjzZM,1013.62
3GxTh1Pw9QByJ1mme7i5GH5EvAPjjxPimSefKPiUKvmg,1004.6
4Kf5XjpEjryV4v79BixxfttVmWMugUQknqY8HoBzt3aa,1001.08
2RJ6ojRYvbp5rWUru1XpSAaL3WK4oi1531aYuZgiSW6x,1000
8fKT9VALPo2Y1ZqWoiZFbTccR8L3Yr7Qq9anJm4D1QXj,1000
AaTyEi4mtuWAttwLU7ZTbce93WA2A4UMABihFFC631yj,1000