owner,count
1BWutmTvYPwDtmw9abTkS4Ssr8no61spGAvW1X6NDix,85
DfgKdiMKvqWC2RHFuWZr6Mfkqor7KgouK5Pohy6AsYPe,81
BriPhhD9WtbEEqR4wYxZmHhxSYznfSduizUPoYRZSTPG,57
4MBoHUmHQJkcipgENQ9tnqracTpqwDY39HWqzhoFSqPe,50
ZrmEkWrHh6961NehZrBHKZymixSakmtkLmejA9pgUn6,49
EY9uV13amBWfLaB8QhQvjWyYiG1pqju72b8S8b51489K,48
GGxTuTkDEcroFzvPye5XJDCpu99KqcLPK99sxwAE96ZC,44
7Mpo21aZATk3kevkUSRMtXyiE3Jc7GxMCk6PMRtgDv7k,40
BCeasMVVcARboqfZN3S8f3P1iJAsox225G8qF8BWyEX4,35
4Fh79H6yPzSpUfQxYWtwqW8xSmkGaNETLbUECiTvJjtK,34
4x9eqF8SvuC7x6oJ3q7Ekgsvxq15aMJKZL69DTNpVVvD,33
4uvncj5ouCNH7oLkCpnygpuK5KBqoNo1u5GiTXMNPMEq,32
7A5BtUhATwTRYtvrUTypB31ZDHoYpWFMLo3WiHb7jt1v,32
AR1EHEMhAymT7WbvS73eik5p7ic9tYQjZfFL1cHHgf1w,31
F5oKWgHUytQpV7rjuHi3q3YxZK3EhmmcvMGaBvL1rGPa,31
GwCAKzbdhdY285B8VvGqzbNM1mFpkBxXpvS59s4EZKom,28
9iP1U7m3g4yAQQMpuJSAiW5mvCfvKQ5GK6XLRVZave2e,27
DzBZ4ipHpfChNr7Vy4Ve4wqh93pXsuJyxyKYVPSMiGo9,26
AFGiTv1UTtQj9DtEGDZ7MMK8jqa2kVKf31nZCBawriM4,25
3AWDTDGZiW8joyfA52LKL7GUWLoKBCBUBLUE5JoWgBCu,23
BCh6ey53xrbDWajFVrNK5Kde7ou4HtgsVc5x1d5etYKk,23
E7hy6QNL3xvL4rp9CXUJR6J6HQad3k1K1uw3jBaWW8tz,23
E6hycTu5EbkPJfgCEm5USiz2pDfrt3fK3FJH313kTGQt,21
3Lezx614age7rNkEWKjvVirLjd3G6XjSnPPRWfY126BY,20
8W7HqAXPo4PBHRYXT4LpzYtoDGGYg9xM278u5PteADC9,20
5Ss1Vqm3RGiHigRcvqsoJk6KfhZP62txEFdnXiHR8hN5,19
7pNYy2h1Xsmz6or6e2CeSfVHoV8Wo5RpaqUu1ZRCRjMn,19
2ERfuSLxhi6VLCDGyMJZ9VruRtRv4PuwC4enKUeoVTjX,18
44u4TUZ17R38MKZyj94joiGcmgFPauMQJCpDA73duGsS,18
HKpWNJ6GjCuHkMb95LUagzZ1RpgcnHwXofZYiyQYFXas,18
HqS3aoH1UiHoNw6fCTLrpJcdArtK8motnTjLC9rc4efm,18
845EvfaDQRydykRnn7PU7ydEEpEXMjXjEnx1447LuByD,17
BAc2cy4iJbjqhEJ3hiM4JZ3SFqSUqFehMnY3r8G2eb6g,17
DPLGBFPGBQ7QP182VZ7cbyvLH4zLUSG11r4tJ9sajyQ4,16
2rWGczJQKKDaF67MyRHFZGjyzYR4AAYXe9yXog9sFbCt,15
6TuLcg1G1HuNLNRufqBeXZfPWEa4ti4ydWgnqAUGcLiC,15
71sPaKEmpeZ7mkEsdYSHRQHJC3WsvZ5zsEpr6H6HpQua,15
AmzcjtuzXkSziYHRqmavPiTsbJveW13wiRhCTRnuheiq,15
Hssht2xoTz1ZxXHYhkQbaq4WWwJUiPafBJFB25Ff4r8e,15
Cox9oVG9dLsVgbnumRC5P1oea5GrNjkHt9r3WAxFt4ov,14
E7G7ixqxqVSFJzK4G5HkZW66NRxycCRgAcBbnfN8NSSo,14
AB3QsMUHQj1zANPmwui9tDAyhS5E9yahuGaMVNZVzfeW,13
DFHWGMsKyLLnoxSHPQVdnhvfj99ASaequtLkADGDCazE,13
DXRFh5Dto5LWJ4a3uado6KocKGYcXKHBT6T1PuSNEWhi,13
HkfyNXLYatPNYTaKPBEyyqR9AintbWmcL5pFBUTGMRLe,13
G9xnGF74uUqhoUuifnDEBGR6zpKkrcjp3h5CGLLy6ESa,12
Gp5aKnAKDHyCa8Yrs2kTBNCnzGsdjW8soUSc37pEKNtZ,12
HfPpwm8GQHttaBX8fZ7TZaFpJpcHFLVhpBhSvk1cxz9P,12
Hfvi411tTZfqENEnmc7jFSnV7SRZ3iHt2cYhWzXySLqj,12
6Pad8Acg59zKzPxU4zwtuFrTvEPnNH9eEs3eS76d1x5p,11
9uF6KbJC1BZjqzeN2S7QQ82oftbeczQgA9ir1BTfivnp,11
AuTEnSToHVvj3rhFRNyCY1ri41ohC3cYDnj8CQdGV3GS,11
B5y4tbKqb9VqG4jqNpmiuYekhVMgrEkKVztib7L9fit8,11
GV59iExA932P4CLR2fkQHqXKEPLCeQNDPecngGGXdLvf,11
68WLD7YzwjqBoCEVuJ3rjVbaPaAog6ATCkjUTpNqiMNF,10
6h8BbNSzmpqbR8uPvxgRtVTFWgfkCZmVZeKEva5MAmBW,10
776B33dC5Qf2EmKMrQzhQy5LMGtS8cUNuKEzSigisYpr,10
7W5uyc5FRqvfcLLV8YdkCRRB17ARTu7QaKkqaqkA33QQ,10
8Gt5HnA7hEAjHz3D7hkRvNbRJGPP43dMK9Be3HscUBwF,10
952JdtdKxU7BGLpTFVaGw5W7Uect3wm9Xfdr5hW4wQpw,10
Bt1dyj5DCvwQqoK8VvMsk76mXsKheZTPaggfpnvtMNEA,10
Ce3nhd1atAspQnnvB81KkKvwygHbfoGqhHV7ctHhAVgy,10
CQ3NdrwpqnFvzqvr3XReuPvRLQE7sTiTTSia4AgCtQef,10
DWE8B5e5xjMXHivTy64woMXVgSs1wKJsfM2Fe8FSgUXT,10
EfLPc1oYNvGZYgL338yd7nqqMDQbuQJpN59tT5iUEMuX,10
EJBpc9h9VofRkJLq7Kk8ya87GEzmhi112GP7m1DucWiS,10
GEuPzTY7wF1czR73GiVcpZNXCtDasHfbDoPcLAKxbupU,10
GjdkwYjsy6X3oHb76iWekvZkydZi4aHsy2xoRbGeBPnp,10
GMS5PB4zMQ6KsQXfazgii4D6qEBF3jCwKKNF61S6uAZT,10
HNfRF3EoMoYYSUeTe8ccPEdDyism35jZxcgVnDVwEf3i,10
4LvmNAc4QF2cztiP4ZySmsa1syScx3Xmg4kWd3K3Zh3w,9
6iHV6VqJw7DydJaiG5TYRDzpUQR9TKAJTYA8GiPrJGrW,9
E6o3NfR3H7dgFnNab5dcUzuNeDpwT3Eh3G8JFTqEavNB,9
EGVyuHNz2pCvHAqFZ1XtYJmXhV16B51w6WAPinMFCaU3,9
HxdFH2HsqwtJJCbdaW3Dh5KuBuov3Q9fMz7BL4pmmNVh,9
3yaapUSR9odgyLkMZXbHu2kjmsY3UFex7hx1GK3AyNiG,8
4etjzc7dhMjUQiKG732KYoxpwjEDJKUdTTYRCA4eTsP1,8
4kgpNaLdfcKujZHSnsGg6n576ZtccssPBbXoDrn4WdJB,8
6j2ppEXQCo2MoRCsyKkBp8quMSou8rDjXnyeBddpyXi7,8
71c49PXaibrpd4ACB3BrYKFrHDEDm3TDkJVmmEqyYuU9,8
8dQhKv4YmLX91Hd4nfiPHTgG282oGSb1SXS2PuVbUw1U,8
Bevy5eT6y4gss2j9ghgUnFQRU6p7BhjAMz4JvQPufSzs,8
BgezepXV7Z44MNCAChyvhMNKFjG8j9KB6yN7aWEzVxHE,8
ChwzNQHPig5YooZW5bYCfRQ1kjzmioRcYM2X3PJn6yyZ,8
F9T4iUX9MbdHCj5S2JANHYHzvNtQZ12cH2YUzeuS9e1u,8
GfMPheB9UEbSF4Jqs787Jdywwv78yTMKnRJnKY5Wih6u,8
2ydkNrEP9hszH8S8tNcAwP1TCYve93bQww3CFUo8sjnm,7
3grLwt61McbvgCG8affF92s624VDzDgWW6qyBsxQW4Z1,7
6ediaFbEHfq2HMLBfuuqDZ47Uu7pg5uMybhBrdfAoE8u,7
9MKLQTY3JEeBbJn81JNNdWNVxdrw35untYJgdeVPoP1U,7
9VSRXV2t3sEbNEk6bXtAWuKHf2meQ2x48mm5Ane5gxKk,7
Axt724jX8XumiuRX3ZLakBSCk1h3p3scmNwE8TnfpLf,7
Dm2Gh6RAE8epiVisgqyigwQJDtafyUs5QLMwVUPakzk5,7
FB16iKvk5CddCon4himLZsLtXTDjrA3DdcSVqqHQpxgG,7
Fm792VQzU68JxigoN6VWrSL2LChEAEQcPkiqcyqHP3mR,7
HZ1aT9qR9wmA1WXms2ZWY8Tw8kDJxfGFNRbD7epVAjQb,7
y8FsC8qSYCfnmzcjoaszBH16gaYhpRvPgZ79YJAugCP,7
22XtVDA1PdDd8WKhWXsApHuWQCTSkHMnKTVgY6Vs7RJ6,6
29PBTFkjjwfLyAuF4ekzN8iWSoXqcoUrQPhqj62ng8QS,6
2cT8q8oCAmTF18Xse1jSWfk9B4KbZSQekbmvoR66xkgu,6
2TUZgvJAgwXc4XV3Dt69tSqtJMtNfQQ7PfE4b46nun56,6
3aPCMd3sXXMpVZDA1KWWunqXD617PBx2SDmEwwqndR46,6
3CZBRup85uD7yyUYWQdy1hXJs5CBant9yFQnQhq7XMdE,6
45nPDQWpfRsGxxr5CvgsdBBy8X3FvXydpYoVxNpCqcNP,6
63orjLeBBtgGGvjqhL9a81uD8f4GnQtsYnowqJcAAFiK,6
6WNd7HVJbeLvDHUXbw4EuR6nrZiQ3pBsFusAo23fFNtn,6
6Xh5bYhUWszepxbgfBzemQQYeX6N7K19opz9zpcbN3VL,6
8wtxG6HMg4sdYGixfEvJ9eAATheyYsAU3Y7pTmqeA5nM,6
A8eZ6pQwHew39N2c8Kp3fpSYZe7NRf3G4RT8Xw3UCZGt,6
ApERH8aSsn6AVeXVH1Lr39v3hStFc45aCoisp37JXHuM,6
BE9CDwHVvn43WPSsRqsAX2n4ryfMtc8xaL52CaZvp6Pt,6
Fpq4Yz7HZPZBHS41qeadWV4Um3xLQQzVbRK9dAwzbMyA,6
HJparYWsZpirhC8QshssENHyXs8ZNh9ngYed4Zo3VJ8r,6
2hL345EvjWgeWuaoT3z5M6qzmkTRwCcEM9LGnYUKLPm1,5
2UqMqF6aPm9GhpSnmxXTS15vZyb8c5adPYJcSv56PukF,5
31Vb1Xd3kE1VhHFAujCymegLNjW3QADSjSbYnwMnJ7K7,5
4HN8C2TJD5t1EfgwVfKYCVEMpsw8zCabtXkLPAoLwQBH,5
4NALPVzWN6JAS9qCpc12Kgg6FzmD5TADNQ1hvWrxaboR,5
4pcWQNfJPi8jftXG9eXckNEcUymApmno7DzJdtPgmse8,5
4YEgVg7VK7duz1PQEuhdDmeY5n8F4SBsKZjG1hEDvxzW,5
62joySCSc5HQK3xZdqMegsZc2hggokbB1fXf7rhtsxmb,5
6AWBSkyTezoRKudkBwVMeFNn1eeaBw3b4e4r8hykLsdK,5
8jWznUzC14hrqh9Gbhu2ArBdRboubZvsJgB87PJsuFmS,5
9pBNL4XBDFieiAuYn9bKSUo5pPvFThbuC1JuF1dfgjY2,5
BEUz6mk5kmus39iWjEZhuGJCMJUr5C41M2gmi8PoVj8h,5
BRR4x8rB6C1gPhQtpJiWbVSJGR4uR1uox4hgB3mNqjY6,5
BuLWs59bs92JdkG1NB8fQvevjBruxGSdLjXcNxEoyXMp,5
BVXozoBY6k5GnfTKn9Sy9FKNQhrQ4jQ22Cz4yUz2TsDH,5
CFQGxxFKoeP976LZvaYthzbRavXFZMcZR6AN32foPXTt,5
CkwktnUt9zb89YeWGAtn6gxN89KADGwaCXcaXHZZRj2C,5
CWmYTBo36jCRRN5Uy818TSVtiNouaAPA8cnq8NLVA3ma,5
Czspp185RoVJ823LZASHQfYWTcP1TZoXvf4e12AXwLQx,5
DTwWTdSfjvzB3e5sxGQS28xRdgBid3KEy12NQWDE4rWF,5
EkHsWj67nEwZKZk8RQsVqn4t9vv5VgLyArLnSo4cvVCG,5
F2zEx4SXHkdWtR4mifi2v9uG3zs4ZzKYefmuQcvUvmhe,5
FTjegwkwEafVfGvyo1CzDfgxnYUU7L18gTvH5PahvauR,5
FzkBSEWqLNgoXNx1eF3nztP3inamAK2AJvsSKXzAJ9DP,5
GEukoazvfRwcYPo26f2SzjX58rJeVBT9LCZNi9tgqj7R,5
GsaZdYyBfKemRyz8reSD5v1fx2xWCFpHGRBJ1mFr5Uju,5
GwxdN396i9pZrd88TVGTDds98TBpbFccCSB3WQLVtKNe,5
GZ8ohx2Y19K1kucx6rwa8ss1drqn7PyFZ1gi1mN9Nm8W,5
H3NAXSBLcQq7AWzPnjxPJ8e35ZesJMxoirpbo6sW14Qi,5
H72yLkhTnoBfhBTXXaj1RBXuirm8s8G5fcVh2XpQLggM,5
26PSTTFkJwwbNb4UKLnNfKAk3XYk8wiPNb22Ava542J6,4
2mMbSFiihMguTrSLxMfq1DewgRSzHQ8DDhZwcTAv5waK,4
3Ud4Y8B76F43Be6hskj8cymAexZ6u4efDJQpQP6ScEXM,4
4fBk8EVoPhuotFvVy4sSjpHiPh9irqHVsA1vbzoP1Tot,4
4jBvSPnPBnyNrdHzedye1zxCiLHEToyoTSqiXkhF7vG2,4
4NimeeFMcBpqfzpQdhR4YCHQ8rejCStYXjfg3Fmcwnar,4
574Phza6zgo4Pg4Ri1m2MiuLxFEFGMbAGUuEKK1eWcBK,4
5hNPQEPWuC3fPj9jbogR8o3L1kg3q8sfuXbHkNQG5YR3,4
5n858p84ES3G2HD6SJxXjAyegmdgP99HzurV2HroU7wW,4
5TpKeJQ5wUXVTUcgkztVfGMVsDWSkwfCLzNNLvBbmqX3,4
6LnqsimqSDtX3SQtds3PscNYm6bnq79EFsc7roWSKN2F,4
7fVH7pUgoanwqoxUvFLF66yB3oWAsJqPsrddh6SJvszd,4
7GUzMp9PWVP5zfWZwEMF8fbb24dWCnMG98a5bNzdqgSp,4
7q1KFzuUNVJruU37F7Da6hGAapN3N8PFfYxWw6vVX8w9,4
7UxN7AnhTM2zHApW3VTDDV23W6n1aqULUVefYqdHzMzL,4
82JPZgtdpo6o4DMJbBWxGdPqjvkpagSmtx8jdQ3ZRiUk,4
86dbGF5aDS7nFHiWt5MH2ueXPfz4zWCdmr7UzZBx1TFC,4
8HHm7TWm5UnWk7ugu2x6nXUo2Tcr7vRiS3N5Vbc8u887,4
8yumvFegvCszZXmwBXFCXViXg8DsqERuZyU77vNLPdLi,4
8ZYcapkstDdqNA319Kb6TMdx1zU1Br8oqWYooJZVaHpG,4
93U4YSU4XiE8FdRNXLM4kavU94TQYdUU6oiRkDB9hyor,4
9g8jegeE37KFp3hrUwiNRLKpFmx9yJWigFGUeD3MKAy2,4
9GMVtaYHB7HWi2SHLpcA9jwQUncKwGaN9n2NJ4BhAMBR,4
9iRRPZMbRR5cJ9Cfx6WJHwxEJ6ysVQ3Ei2YDkVDWZHE1,4
9LYGUrk47skMr77j763g6SntrZhmJnFCQzBAB5cmEqUD,4
BRyxP1jfa5ngBaSb9b4MHx5CAWmzbR9eFRznnXAzkQiM,4
BvChJkD2UECpjum85pCvfTkgHL9YL4oXD3WZ1UGW44rv,4
Bxq6v1shfPPS4oBPEPJhp7kNGKzs1ULdefyebFZHSBnv,4
CU3QCMJDoMaiGTE3wKX8TnNj17KLhrx2c567uSrgKV4h,4
CYLyL9MZsyrsrrsgkFjnGFYPtLsrKfa2sn6apqKcyLd6,4
E5zTAihcrd6uGFgZT9hEjyXAdaGHn9xwgwVf2fgrKQd3,4
EMKpnjGvHhHfV7sSEWzehnXE3SuqfunDcNVqoapZ34tQ,4
FwQm2RVDT3VJjq9F5cmsJ45roPjsWqfyz86Bp31bNNhp,4
GjWCLer833e8ACxv5VscAgVmkHRuoiqKRZR3RDTJw3Wj,4
GY3ZQMYMB9vBpyTgbArodj3Hit5Lk88oGh19kYcPhB3m,4
GYWfh6vuYAd2b9RVfgNsy5ehRb52GGfmFAJY9pYw1qXQ,4
HNFLipmVDjLeanzRv5yhHcjRZfqyG1Lr16BbuaJXrbK3,4
HtAaQvAK2KBovKCyWeL29FbJM6XGMeM2jvfczPhcHjHh,4
J6ubHtTr5om77UamE6En7rVf6StybeDVkzoJi6qAWmbP,4
J8aCDd4YwiPeFUiEp5Yy5Uw67NgjKady5ZuWKVFwCp5S,4
meyfGWNTFicNZ4fTWg5Nnmxes2dSEUZCRawJLTx4iLZ,4
23wgCbrQjxHtWjCKahyhmrK63SzDwFAhoJfmYoVBn8cg,3
2oXgLMfwzfWSeSYMUZnfBtPYPyD6M1czzw3NBE1PYLFF,3
2UpGnmhLCbyS9m1WwNhizw6JM5nHwQon7Fg3AAmSiFLj,3
3n5pz3WFzKqDGFX4diwcJgE5vGu8xB95H6XiXHMTypdV,3
4AzHtmkz6vr73HVrdMvp3uhBucPTwMHdGveh47aDpcn7,3
4hzTXusZDJgoyMmkm2eMySwMcQbuvPLZeTa2i46Lyo3B,3
4N766Vu3UBARb6U2PkCvQAqF1J2TGbH8sKvjszTRQAmr,3
4VHMWBqQ7mGQHRF3gNS3hPSqVero12wxPfpJGjyj9Rz8,3
4xJCs3oQ1LxeJsV1sYcTUwv4oNEknGx3tj8eMXP72FfC,3
58FU9mjV2DXuVAT9X5pVbA5SaCDstkpUeTxbfH78T1FZ,3
6k6jDG7tYGERtRBTSi4afKnuDeJJsD5GbCDWCgsTWHN3,3
6P2uCX8x2hNst14Bhro2wNMwKEwFSL3MXjeG8GL7SEHs,3
6QuiCSYEYorcZnJrCENWGQSFT746evjZXKfw72wnE7JF,3
6scL1xyYaYUvnunkJsaCR8KNjPWKGk77zc2Nwosrnx3d,3
6sG9uCHQNYVSZBWX4HtSErFXgnsy1UQ63wGoWsqQUUtU,3
7LZLttU9R2ECMLrwRuYFoaK9TYSmFU9missEr4PhJkwo,3
7M9QVNiMjUVCS1SVbZX1LboLo8EPJLMbjaQbeevB35xP,3
7nUGeMQM1QDrLuXZLtwDxG1e9tLzJEsnDEHLpTuh6msf,3
8G4pxdAGWHSJQD8VEGT2HTQT96GeJhGvA2iCmyHkBpAz,3
8Gwdguqu9B96eSGFWJbz49PRuKRT5nZNLBDttm4mDQrh,3
8PTnsDTsHwzMt4dMnoHzvPtz3LWVTeeYT254c6tcgMxP,3
8Vdp6spBj1jCMNAwkpWJhCDDDzU1wzPJCjCw7baybtB5,3
9mfx8dHW7y5FdnCEWg9KL7tp5sJk5trLJ8Q7nQhdPVwp,3
9tMokThoSKub6UBHTRBzByTaU9A9891rG8WHPeGbWoqc,3
A3LqaEj8aKXgTvKH6qHKa1Tb4jeD1rurtmmdCtqxnSzs,3
Acb9p9WhnxxQftUcAATN3FBNwg9EZAmQWy5ASRi6UXVv,3
AieB1MFx6BNXwtPaJa5FdBzErP6n9hjtdGz6XUYiA3vp,3
AiiEm6KdAnJC8TatrWuERiwgkYSKbFeArREEEXWMRtLs,3
AJTzKjssvC5zWaXa6xFAboEv6BFBW9ARAvUuNZpVAapG,3
AnTAifJ9sZSkvjhB694cfN3YeAEBmGr9chjUVN9dG6Zn,3
Aqeuxj11hz1J6SsvbGVErFrM5We75tSPzuUBK15fcYr1,3
ATLXtaS5KzDjf4CZBWD4mfVYA5bMECirYjWHupeearGg,3
BakPduy6SZdPHAuZCyvZP14GRGWZjDoHSARFSNGAexVS,3
BVGeLK3Ro7D15pquvuTwBoND8kcrQAfZC7WqhvwCcEgS,3
BzGaYZXtBMJtpANkmFCNfG2zTimxG847wnnAm4p689V5,3
C2ohmnnmA4XzndK5RdrWtxPgbgJz23WWQcCjJZtDqkaX,3
C8iBoY1gK9Dbkt7PYkdpVKJvW2ERgVMfqwUpSqmmeUTV,3
C8Zy4RcmLoaeoR5TJKYHbrwompQjLPrAEGWdSgjnM7FU,3
CF33EDWC9BDDUVUHF8Rh1hVnJtnYKhEJQup2VRSxEUXe,3
Ctg5GG9qxcKxPbzYSAS4pna3miJcpJ5fBNTMxkQ8eGcq,3
D2zDnvF1nKxvJmf4EQpxfJ1MiXbQFRat6XRmuMHQ7snU,3
DQTnJuzZBWYjLxVc5zsJh4Rxh6cGeWgPZfRKzaUv7njp,3
DRbo6khSL7xJCSU35Khjztsrxy9KBfQFe8ya25onjAUp,3
E1KqhuKgGy5GRhQrpwqcf16hAA4wfe2XUwGakMjPz4qw,3
E3KWEyGiu9AtmJTpzbhr6x4RqDahDhCgQLCNMqDSMgVY,3
EeL2E4DxyThsomFzPjimXgEAjJAMLo9PCvZaT4igsdpN,3
EwNoJ2YCb3r62jeP8a8zjYVskS85YN55SBJPsGRRsHzF,3
FkY2pLayeB4oxL4rPdWRFrGXWDZqnBzhRFnJPhyMH431,3
FqbpYzufm9xZBjaQFcz2TaDw6cSitQwVfV9KWe2d6B3G,3
G4wn5ZWt8Aus2swx2bDZ5u9xzZ4Z3XRca9yXQ2znSSex,3
gPrjqtxqigZnutVPA9BiVNFVsGd6FrDCStHiQWS336S,3
GrtzUrfBfFmdVDQtKV1yPifeb4ZmNtoToqQjL47BnbST,3
Gtu26SkZ4sRunX7wg4Mk7e9Bv3ZHAt2fKhCNYSYjqD77,3
GTWj4gLbW8kkXDyASSQECr5EgWWcXBX7P6NgYqwkB9Mz,3
GV8A9YQ1tVCrL3dS3Udgj2C7dXR8pptCgRRCkRze8gwH,3
GYfcoN8AhKheaTLuDJgYsP4UgdEww6rKtViCvzoVXvou,3
HCYDRr4hcw6DPi53zFmETXyoSY9MgGhGjDzP53kn2d5v,3
HgBPEv3BNjswDCUtXp724mn8QubsKTAsKnUvnD3RAwfR,3
Hhc62KsBbve4gSHgJRo3BmKnepQidGcdNp1wzSqdhfbt,3
HwgAsVzqCYwhtvLSMSRDWAUQtSkdCfx7aSuUUAf71G6p,3
tsu9z7fCuWY47r481HGCCrPGYMRKq1PCHJMmRf6WQqS,3
1mKBq5pNWLumCwhrSXDnNz2PbC8KyXHcRUoEmjbaEAu,2
22MiecQDnouRgLiTR89Uw9LKgaKWSCvWz4QssDtUDAdS,2
23ZceshwVcc8ufZH83gMDQi7xCLdmHxvMBk9zdMMApXr,2
2EuifUU6Cj27Re85x6fk2Lsjft5Y1NHGW55RgBo88Gqt,2
2mBq4YsNUtjAq4tJSvLhRtpGPqkDmXci4e8MiPy51UKv,2
2sk1qGVLFnkqtodHhW22GcFnSRdArYSJcExXV2W5rXch,2
2VRfzDT7ZZUQdWNz2xv2cc2WZ3g7owkvgvvuQfPZNyas,2
2zYazTVB1UhEqGNeQr1XXutYLsUPhrvraCJs3ktG8j62,2
3bpPKDXyFrWvq1ywUWMrFTMZAH9QSgDGth7LKpg27v6G,2
3cUtSJ1mUqYkj6mLwKC5CjvKFRWkQe2Vfqqe7yUtua2j,2
3FpKm9iSie6ug3xcbSPAeTEDGuizEz9CVUyuHn63inXa,2
3go5h9x2vUyEpqswEgV962B5pZdEDEnhWWMgGFXB5CKG,2
3K3Ynqq8uDujt3knn9u1WhQzXPvFkZwr8qaoXoBndyZQ,2
3KTySfFs2KFMqH2v725DtL5TSEQVYzaNFrdMuCcr8ryD,2
3nM7c6Uy2bsRaf96zZpunHhdGGDhkj7AouXUAS49ktJA,2
3YGzdU46zo5mY2XDkJvUw3R2reyJr5PNg74puu9FdMCu,2
3Z3zG1qF5gJqVu5QiZ5CXiAQNxBcbGtoAFj3gDWA8nMG,2
43MWkddgaGu5DLpTrbcUg1Y6gHL1tTpE5g23D4dcPQbL,2
45muWwJgcfcnP6UCn1eBK7VrEx5mVYfAULBAHDwDk3Yi,2
488rwEcKTjvMLKmafTkCRS9UH7MxbwzpJPSttK3tKpGE,2
4CG1DhxR8cnsyfKeRFsLLF4Pjzanwvn6UfzecnbraiBJ,2
4CxvzatkHo8DqCrNNHgVfwddJnkDKnE9uajCvHDwRpWr,2
4diVg1hSewNQi6VLwkpPw7ThJiJTq6sKoq64wbTTRPML,2
4X3KjcRwSQJSHShRQ94nAChHtV9CG9cW3ptuBeyRt7dR,2
534sAjftKc9WKSfdADLwv9hQPcEzZk3E8MTGE6tHei8h,2
54vYZNtH3cqvwVCtyaqCvP4AuKGbedoteX31cQQJixrp,2
5AybdtFT11KSVrr8zFgnFPcNzjEf4ihaAtC8z8Up4LqE,2
5dbZFJ5Z4W1fvwnMS2ZFxWUcXRqmH6FGuCfFdfRp4KCL,2
5L3qVP2cTuiUey3RjKVyUf4U6TSG9RinSZreZ7ZCsWfB,2
5ZhAuLwPxargUVZiBbgjVgqaTvSS3ejYw6FxR2A7Py6g,2
5ZMBKT5AnWu4tWA4fW63MUJixQNp4qj3DadXNzpLYSvT,2
6A8D8uFCZL44qfcKnbpAmXd37Ue7ehnv4Qxq1rP3D8yb,2
6JP1787E56XP7KvkH7y7nQneuy7oPkPaduUtemwBgXk6,2
6MgM1XERydkCbusAnwnN2dp6m4AFEaoCZy5rPv1TCk42,2
6T3cZWUe4wFQjkZ3rUuXRd8Zsgut2C2a5FGKaYBbPocN,2
6YyCfByh5Qh2jx62ACGeYjytZ4pb8DgUsU2ke4uXHhwg,2
7eZbK8xpwAzNfQHq5pyh53rv67fVjrWrHRzLRbAu2oSM,2
7FTTTAiHWo1Ci6C6oynx1you8tGtutPMAGhJ21iAhLHQ,2
7j1D9pQq6cBaJJJT9qtz7vANDEMog1L8RVA5hcdEioW4,2
7p2jeePK7ESShLuGhKX3EPPiw8QPJhgjojMs56UZ4R2C,2
7rKMbR1yPb9vFomFLcv4kf9oRAnrXWbLKQKmQftgyafZ,2
7rnTq4E9bgkYTqMx62142zAFXnyifkDdJgGZc8jNq1xg,2
7Ub3355a8j3BFDyiGjborxpQbdUgaJWBoEDHJtFJWx2v,2
7wPmSymrj3cH6MBzrn8mPLN8oAv7DDJ5BSmERDSvyxe3,2
7XmpB88VmLjs7T3JLj1nCmBqjHATA4puhjssB3cgtSg1,2
7XPNA9iUmVo9RHJegi5xmarSCCFE4xRVA2pZMu11Km6L,2
86voxg48TbF8YwKtEuhgdX6ADHeZE8cbUuLa6wgRTC5V,2
86xfvtyaDgTNSYzmegwjcTRWGb5eut58tLEQpDwYe4Ph,2
89aVk2Zq9nMToieFm9FiL6eKPAaNb6628ZTXnEru7i4Y,2
8dNtCNDqS3YkKUinnrjUubqbert4U5akT4oJUkxr5kub,2
8dr9DNHGxVf69Kcs1KhP9huURM35VNNCUFfoTCSEV5C1,2
8F4Kn29UoVmoU1356LQt8oh81yvZTpuJVs8hXgYLWsRa,2
8T5ZzqPta6haRf1XwGov1kLoHAp3HetUQS1oB6sA1Tnq,2
8uyxmEEkgV6dYMF29FfwFwGrG13os44DvSMj8uZdaP2J,2
8x2nwSPiirHvA4sHDs8fWNksZeiaBTw6R1H6ZLPkPXFc,2
8xutFUnPzrgb99unFvYL2QDCw5qtE9mfkEdEKGYBBfzR,2
96KyFYzGzsd5nkVD4gjnb1jLLTghd1DuMk44kQ1gDW2z,2
9KVxx1v76jnVnATE14SAB1eWgoBeRGL1ttGYCB7bFJwW,2
9LAccPnwKVSgxn2KcaYKJJrXAbX73TpJ4rPkhjoMAnJ6,2
9LvNy4ELDThSa7T4FgXDS8pJ8dMcQeQmictPApmVjdZv,2
9STX8MxCaHoE6XVBhcq52m5wunwGxaCm33MNEgQ5oVi9,2
9UtBmCHcd6Qvc3WN9LcuR5XjTCnHUn3RZ9QikkuAw9Q1,2
9wf6P3Hu34vxmBb4zK6gsrcRza2Uk3bPvbgMtVZS43et,2
A51eV4YdWfj8TjTn8ebPJTmgJCVEfYvy7k5VRCDvPiNH,2
AjZvCHnvqnXFdEHWMaFqfPbmp2pQ8tb7KWDTHz2WZMcb,2
AkdF4qr9WzPG8AmoSurjCGZBu753Csc5YXRXkomVh4gq,2
AsEecJwTGi6dkJLpECN2WrcawrKMQXC3nAFKahaMpGf1,2
B3Px1NejRnijp1Y6r3XkYHMmmLrpB4N9XVEZambtzMUv,2
B4x2mBBA3gdm1kzdeaWBh3AjSwMXPUaQgVa4CY1CohNG,2
BBxc7699SAbc1sAn3wEwHJd4c626sewcBkrYZ24HVpW5,2
BcVVvw3ad3SzCTEGSEcEa4WXhjtTJPz1b82E4MEbtWik,2
BD8Q13Hq33hzkeEygmwZ7NqBoQwQVmgNzHqcac4Ro4HQ,2
BFdmZNZD6wqsunobYvnP5JpYA4pmxYEZ4iac4buGNfpX,2
BgxkSecQznPPS5b4kvJ39zRCntKnuNJxgtWj7StZDic6,2
BxV2PS9kPY5qtoeZ5gM5CeXUCbh6vyC3gKxkPtuP6YFS,2
C1TnzdK4nmbqWb3D7EMGBNoc4oHutjwz1SjETMm8wsuv,2
C82qxmHNJEjKmyNe3BLB2sHBvJHevb7NMng7Rsyfqwmv,2
CAcqSn3qQxxzmRaVFXo122qywQShjzKz1gwBmyin2AE9,2
CbiFgpLnt7yu1UzrX7qJjYmP2vJNjFucbRX5RvyixqdM,2
CDPK6pGxAJPexhgFqozAw2zmPPRDYACxF7iJ2WhLdSqj,2
CKNYJwnPGgwDpX4RttHNzpPgYn8uzt9XfrYq5fM9eryn,2
CMd8R5xjkoS9eoVFtc5CTcRrs34baN2uGvdpyjTbXwH8,2
CUkrid2iayZci2zpiHnE58EGo8SYrTniux6QEdMownsR,2
D4GW3PNJDsFdrUN3ugG6DgoJm9reZ5aMzoNzXZnF8zE2,2
D7H2npt1mq5PSzpRVS3Fay4Za3fRHqBzFT2ZfxGTt6dJ,2
DCfP5SLgQpZeK4R1RqdNNMobckrV6ZFpHpHG9awATwYF,2
DDyxkyBpH2EB9CC5CbbVtJjwb57HCzeXu8DHp2sVphsn,2
Dk9e3xqjAytDUQ8gSD5ozFnEjjZra3KkaLUxrbdTV9sG,2
DVgXRNVFxgsq53GgWBftHTsSLkUN3cMmDQ9pjpRU8R1A,2
DXdjw4XbY9VUxhwfzz4tNQPL3ZpYUho8YG2VxN2x8NXM,2
DyGC8YwEnSsWevPxR3Ai4zk2uA3W35jMZmP8q3XYviM1,2
E5ebcaH2TgvHJWouQMjNAKNtYo3y9CYz1sr2unLS12zW,2
ES2McJTULTRXvFwTxukpVNXKhPzCYX9G6DMfyMR8XEzt,2
F3CPgVyiYJqZCk9TWnrJyYLUMFjGhnFeSifhhucQ6qE7,2
F4GqH6JURaks9rBvw2AYiQve4K7DBNL2Vd67qLv1Dr3L,2
F8izegrQYJK8LfoafyvD9iNFbYATZ9Cxik5ni1d6zcGP,2
FCDv38Xr7TMw62tw8GckJnn9vG9tL5VZ6PAhVJjMiueP,2
FHcZwGneEARrPygYyuUkcNogTtJoMFuWiy24fMWBvHkc,2
fj8fsuctFoJaLVPdiA8UXNqyBoHi2pCroGeqDKS9fDg,2
FVAkahUbq19BB7rtAfRkYGpgD29X9oG7hk3tNX9k6Ka3,2
FWq8cfQGruRfQ4hhJphjgrxTGHQox4GSQLPYaLdeG3Db,2
GbWAQzWtq64JPycZ6LbVaQazhvtyy3pMWsqbCCiD3zcV,2
GDDysQ7q4oThihm2djcxBJb8adnG6iFeYAWVV2EiNewH,2
GFCJ9hoBsBEsWJaCQw7GuYNWKHm6rXboNVjFzoMB34mG,2
GKvZgfFA8agDDCiGaREWJBAzruVQ9Sw5ZrRkBqesoJWb,2
GMqeUDGHZnmvWtv8pJedbjjxLut2ik84B6HGSTGmjtD8,2
GqQg6GT5ibMHwqvsXDbP6qheGUYMQ6vcsxP4C8Fut5gN,2
H1LGi1K9BsJvSFLKsigJEmFiGAE4BCt8yhRkTivWJ9GG,2
Hatvk6wUoZvFqYWPLwBXCCcE3Rt9qZ1Cpouyi21RhHXh,2
HiMmsVQfJopaBdWcJdspzn4jEa39iBTJ6xk7brYEnJRT,2
HMZD95j2CjwnRtQQsefwSkfrK15dgBSYq8wWyapRJeSH,2
Hw5dPantJYhytwLbT1uyH5uRjmsU5pKeWqkaTXMahBhM,2
HwySLQoDmnnEPG6tKdDPYqfVofdRbF3Bx4G26GKAsm6m,2
HZhxq7BEMbpvXxD22UFzoUBrPYyY7Qce6Qtz6JVjDAaQ,2
JESUSkSNRjNHQquMeG7A6NjYYLLv7vxDvwtrWawrKCg,2
rA8D47nQniENfwEZLEBrgNLwZeqFgGLgXdamB1tcRZN,2
11o81v2EompoVNd4YDmwFJuHPqe4t3FZpA3uWDNYUce,1
14kVL6sWSc4oX9rwcJU7aMHMLMjsEfpXcAJf68kmsMeP,1
227JRYdUf36vRL82SSbbKTkndw33b6LspJKa2eKqstbv,1
235ApBqVjg1dT1SehH3AXytqDweN85fQwLt2vx5gVybA,1
23NLetVMB8i76YkSHDQtMi4e1zCAg9TdBvvBEem66P3b,1
245pPdeDNaFk2aZ3TQp5ygcirfvXGSKaeXDRTw6R7hZ1,1
24oFAxpuezEgxz1PPgNbBJanHEZMzZ1aa8DsLwC1AvR9,1
25GNtEVPvLDsRdiVkSyuHGyqxUcs3ChzHSDmycWwYEs1,1
25Jh6wpnqZgUqu13JdD3VRKXVE2txnEm3sZePLPSBk3m,1
26abDRNqZRTuxG5iKFDTVTRxBp1axbr6wdb89Y7H51KH,1
28PUBz2JdzxHo2U21LnN1o3gB4R4Y82upUW2ZpJ3ZUZ7,1
2A1coMEPd4EHcrR4x54mucrYNbk7CkVwTUmZvZQJki2c,1
2A3ajSKR14BHZPoVPZSHVYX4bgcLxree3fXNcn2vh9E4,1
2Aw4j33ZqXUhkFSznY1drZLNvnegStzEbEVxsGfJJ7d2,1
2cdnoQE61VCsbxMjoGd7AHyc9NTmwEhC8e3FS5NTaRgn,1
2Corp3tv2tMJaMqco9GSuFgqpCjRKk2Tjq13A1quq71F,1
2DeWV3vVNGHqYxbFh1BbSAXUcww5MW33drBFspTmTRCy,1
2E3Q9eRgsZhNXQ4dHEV1T2Nk4eu2MRbmYMtXWX9mZNds,1
2G3w3TsN4VmH2mHibiKGhDmS67f4eXdknc86Y4CSVWhR,1
2HzyfAKCcLzGNaxxrDQPRDRidPLy6DeGVkN72YAWe14z,1
2ibguqnN5oHwDjCbgV7fh2HK2JN8kPyARkpAVDqhU19K,1
2j63hBahKRbQvrENMuwNUvyCcXL8BQAAjMeLhSsRxtJM,1
2KcK1ubCEQjkZ8yWG2oy9K2fRPkge2eRCthV6v5zWtgT,1
2L8csjpTSXHqwpnYJNxtbe4kXXh1SvuP5rsGXXAceicL,1
2nsmdqMFjE4MvJJsD775NXdHq1CTyrSkrKhwH27iPEos,1
2nvkYwkmWFddMFLvWPUVsefBnPwU1U5X7jgxoQWoCmoe,1
2oMWRUAvwXvLWLuU87qYBxL1T8ieHa3jU2PzTSnBdCfi,1
2pCDWvLBq2jUm1gWmSo6uZFPNrSK45cVEJ5keWuQQaey,1
2pgLjKJZqNxCnKyQ323ByCUJHT5KhAATqdN95GJkneC3,1
2qBbRTCYZFTHqNcBaJT7xfrUWhqfkAihghEbktNhnmqT,1
2QCF2BJiF8aJpruiivc9dkQh7S6YcqkA1W74k9oo1i6o,1
2qVD2qCADUdyKr7GrtDacNXWo1HgLTQqWsHmwpv4VJcU,1
2RpxUa5XHRHMKth53ooBAawYN2Xat6LfPkFsbCyxZZ2D,1
2SJkDT3P9osDRRCQZBqZxDGxeXBnoDemJXCsfB3ihGU2,1
2tDn2HkgvW7HmiEcnomSiQ96fDLELdCZK9KCuHa41zVS,1
2TqKeea87dvBHtAUCTfsmKyXVVumPhQTQ4k2y6xpUDjm,1
2tvxvPyvsNN99dp94RqcmaaSKuw3rFLo9fToh4NLs3gV,1
2UnptzHQ6GvPFg6UdisECEScS9mEwQAJ1SyeUXM1m5pS,1
2us8RXAtRbE4zc7xrFvHMCF295RhJ6JHzdU3zb7ko7V3,1
2uStdTgSbt7s1J7xaWdNFPLjdXfvS1X49Vq6yv5wg3tX,1
2VnT25wmdvsYHuGNnef67KvqvRavM3NGkqefTinxWvSv,1
2w2Sbc6MAPjCufxKZu8fjdtFwWttBsayLSmQef9hixkh,1
2x1EX8RwspyyAFQt1raVh1h7ybuctW3TcJx2wdaTbxXV,1
2XQFq9VkRg5aotSLdQJ72aeW6dxzSDvJpCG1kcyeaR28,1
2xugtisEhr6tgZDxRaTWHFSThVaV8A9hwAHUEwPD9wTy,1
2yBfmLScPVvCHFpXUR7LcH3J2HoJ5RnRxhznAw6Nno8R,1
2yWJgcJU3hWqmr9N2dQFjJz18B3SEQgf7gjAeRmnAxoM,1
2zNjEPnxSxdoYueqNcpJD2ZTEZgxmEi3pfroE91gyFnC,1
342hk2iBBR44NVhvXJUcjZkzvNTkVgh1xc9DzDAJZW6f,1
36iGmrMunCpHThV8XERyFkebNT3SqLdh88q6vBDfUGre,1
38bi49WEz8Kxf5HuU5sMtGe6bzTCVQMDB3wZcFoWGMnW,1
39tzjEhptgJYHdMENktnxBgfxeefn21N15huj7NfD2tz,1
39Z7rtSRHbk9pfAgpDD1N9TXXxzGgdg3hK3kryrapfvk,1
3A36mKAPPrMMv4M1pUb3inmH4S5gxVxYV5LN9oDcDdvQ,1
3B9B6LResW9q38t1ZKdwKtARN2Dnp5Mgz4bfYxp4CG14,1
3bDEy2uxv8YTJzifN85NikMKAxe3ZPVQA5JNSNa2rckv,1
3cuWVsSnP4NhsYiGwf6MDwNnRbKBGofNUJbQhUwQJ9Qc,1
3cxcfHKH7REQZ1XMGiu9uZiv2yCY8xPxtsCyVGvhj9Xx,1
3dXA6HGvsQKUdxjTqVGv7hwrQxiiiUameeA2nbpr173L,1
3eqjP8vB4NSCPqXk3RnPyHXLLLTv3MCjdPTChFa5n8LS,1
3fbk5Zg8rHTpeS7XM5GWeZbA2mcpXhbcXagYtXdxddAk,1
3fh4fKUveJnueDrgiA5tggtZcRV7W8BAVz5EP3TBnX7r,1
3FN73669Rcdv1R4toKRcVQBr439PY9FFcL4Tf9zyZLmn,1
3fx69a1iWf8xiKQE7euPr33Gpk7rthwNwDbV5Qu4KHbb,1
3g4Cr4Cqv1wx8pnLubHvR86vLSRNnnHmYRzREW7r3JgG,1
3gFyqeQtakDtj9AgavPhHBvs7PZpVuJFBA2vcN7SrAG1,1
3gm8BhcvpKmBTQBrMy4rBZAUmypnJM5mNukVcbe3sgA2,1
3GocNpbhu4ujiSGNuDyoFLxGKSeFojzqAAfMxENPShEf,1
3HYJu9QV4UCKCBzn5Y34oSBZ6Hf7AkzUzBvKbj74bq8r,1
3jCbVwd7oGMEEjKwYeqUk62Me2fvgfEv8fzfCtpwM7Xa,1
3JRMwuaWSxZXBBShsAP5VGngSMd34HDLvdZndpZz6JNt,1
3JT88nsbsWGCFHiuZykXVXZTPoCjoxAgrHbnfZ97eofM,1
3kaKa6GVQaKqADj73rwVWHTsgew6fL21SjxdzLCVqVek,1
3kEgStt5g2Urt3q6WRmT3cz2aRww6Yo1VR4roJ7fqejC,1
3Kvx3oDjew9drp9crweWThAQkovAJwGiKpuEz4MKAzYp,1
3KXCm9xCQRwvF3DTt9UbmZsPcHVGA9UYtP97j8cUGtmy,1
3LpnsRY5xJHayZXpb2w6seN9sHqwwaYs46eCBWnhf1ow,1
3m6xkuPqqstHku3JNg2Q2N11FFdTSQCu3oeguMRhGobt,1
3Nj5AXsxumdMK4e7ZYMiKtHrtD8gdfu14bw75q7pw1Xa,1
3nNCNPCYye7sUJpe97NoZxztQW4quqWWzRQVcrcsAPPo,1
3NtzB4crashagaMU3L1apuR6CebvxBVzQExoY1TpLqcf,1
3q9nsKiagtTbVrdV64nBcux5thrMKnP81F6QJWMKYiNY,1
3qc6yWiKusd97yKRFpXBLApqBHVRL3czTJY5oEkuz8j4,1
3SCD8wTraqs7kNfLqXWC9uznm6F2cixLtst4Ty6M1Xpd,1
3SrVhos7E41oRWuzFSg8Z7rRTK6NDsRwMA7K7DHAg1ef,1
3t5DgBuyzcDKTbEz57mdAXtS73cq7k6osXzKYhWbBK9r,1
3TaJU2RBuExh9ESME6ruPEDqG2ggPmneFPyAPub3LDvh,1
3TfzZ7ZHL3ZcDMiyELKEE2mfzRc1gJhpwBudnHbs2gqL,1
3TM92AgbTch3ZwDncCM4QK1FizwS4DvFRTqWWaALWoMM,1
3U9vJrYgxT9sNRvKgAdxmgYjWDCSHF4cCNfFSo3LmfQf,1
3Vaa1M7aheT6J7CagHFRehxQiGfwyMDZd18yKecRJBsX,1
3VVi3kVz7c8oTh8LoAnxkTRyXm3CuD2UVoWy3VLyx1J1,1
3WqwRi4D9GxoKrd7bb5dypR6E1s4ezD6zLGKhLbgnduR,1
3Z1cZibmRh66JfPt73p88faaRKdowrQdVmBhF3F4XoEr,1
421SKMm6NPWc4voVXruA44CSvjL4KoN2KieJjdjgZm4p,1
42Cud7YZ2KX1T2DDkLP4fweE4zidy65uN5qwbNoi2Vy7,1
43p2owmhaJ38zUGtDxMwFTZ38BvHCPa5HeGe6wWSSuWd,1
45FXEsMyebQ3NUTueJaLh6jCHjyAEDEFSB6WMJwchrkP,1
46dxpuBLKehAbxWdXKbidK54mz3jiLgg7c5QezbHHiTm,1
47B34TQxzZExQtk3wE3Hhg7UJdUsdqu3GRgtXJGNnU45,1
47kZtL4Kyqg9JiQEj3JZHfZGf8eMv5pWTxErSGnHdf35,1
47N5JdYeAwJ8WhKxhpVcKkKgoBFmbLqL9eFgM7L7JEzN,1
47wkGzdzvkyhVkzXxpBPYrrtz38Xs7xrQB9VWQuZSrbg,1
48A8MSYzwq7PuFUsoUQrbkQKQpRxJ6i4Ns97dJubNob2,1
49rHAxEDUz2rQ1pdzkysvavoQ6Mn1Lz4qVhqeCdc7vjA,1
49VBfsn2qxuvxxSrQgVixUDifa1di4M1NcniRFwXvHDL,1
4apiydqKUJ7zU7NCDZEtXdhZbNMsTdAR5mJz73urDS4y,1
4BKzEvC88F7kRbT5euQuW6SUHjKSVgmimmt5UJQ5Sz7z,1
4BWg1wJRwNgNPXBhaUTbviW6dhZFWC6eNy1SxMJV3oCy,1
4C893CK2TF4QYGndE2xDUU2eqPRzYKZWxWNAwuoQMKDC,1
4DayT4m9RJNNHrwBZ8B8aaCpErPayGt7fgrLkF9nhmPE,1
4dksDJCMchEqbbumaXVQ3ALjJBTeD5icTp5Lzc8x9tRA,1
4eYwQZdqAGjsdYKKPrT6wFg9ADfwqk8QjJL7APn6XQMm,1
4gHsDpcdxFAXD23YpFPJ9h7ZCVrQGEYN9BL4NbittXmi,1
4GJhH2HWQkKTk2pHp2njtNGL1pfRgSMgW2yYYfcgMBBP,1
4GL8jDMV5zRMdNJmmdcKZW9DcnHzfptdeDgxP8WzCxi2,1
4hkYHPC5HRZiHNqrKQ2D8VCTwk5Hf6GW4U8ovatArgFM,1
4JzcgYgbERVgya48jWnA4PCujDGUMnv9bjBUQJ1Zwh2J,1
4k81QFBGd63PAbrbyL3iyXK4UxNXJxRNZUwNsRaNoQgS,1
4KanxjNF6AwY16YF2qiWvd4tGAo8Ag1zuVB2khAe7rQh,1
4KuKPuYrU15GpXp8mXW3nhLL2AGgUj5DRkvRZ64KdBKk,1
4LTQ44bH49816jEW2zRVCZFhdhWAYmds2bwekhaQoz3R,1
4m1n5UNg3sNygwvHBtmXFG9KhJVeoXJVTpYExc1QmqLS,1
4mj44cMcDefamybNPJv4aaYAPrN3fuk5TkAEqth81xko,1
4msb1iByAGjLS91UvFj1ES5dWorymqaLF8TLoE6ytVaQ,1
4nxEZUFdYk9yCZFHpdRKY9sKvfnuem59fYgiE8z9FXL8,1
4o2Zsuyjxwo3XxSqNJDNtwGQ2pgB61LFp5z1VUwAwSDT,1
4P5QyRRxA1J2ntJiynMfM7ECV4z7toD4fCtMN5RgFRoB,1
4PSMT1DAjU6Vks3uMJEfSDz8bwvnppv8KzSwGcirXk1X,1
4Q6jjFeSJ1jJUD7WFWZ4NvcuvqfbvZNdo4Wzn3BcuQNT,1
4rACGQasNfEKHxYqVmZvFgEbc7krsApPbeFTWvbttHoF,1
4rSvF9YnUkmVs5TPhp8CxGSiQEtgwAgRGSbAadzjEdFA,1
4RTEFYD9JSLKLTPTnuan2k7kPYtpS6M7KiyuuCPwrmjN,1
4SNgfv4eE3rxM3hi4n4sQjbByJkTQAnPgQU83ZZXwybk,1
4t2ywuZehzQu5ztgzdnjmtcSZJmmgvYKydkjekqEetY5,1
4T6kDUjie4N23W74N3VRBqdbWgWiEk8NwtTqzSNN6t9L,1
4TdDfX4wPoQHFp9r9ZzrSqUhQvnDPf4A6MeKyjsDzHWB,1
4tZtBqVyCRA1kvwkaieu9u9yz2gk2YM4Y8Tn97aXmK5d,1
4Uf5rsq2P2uzmZEApjYgMEh3UkCj7yiThqWzDJPpU7XH,1
4UMnYCpJPjkravAxZ9DHnHnyf1TG4JPVazsCXfQ2vsGD,1
4UYh76PjAQXTc16Bz3kG7YbXSHyP2iMCkNxvwoJg2Pis,1
4VXWJLBJpcDn6p1aLXvVqcjFt4UGtXHZC2bDVsHERfD7,1
4WP12KXscGFNA8aKjZfFiECS9rMnVqE9EA1tMymLos24,1
4xcxHzmdoPEdR4Bheb5q6BbXJJnXSf8GjZm8cG9FwAg,1
4YHszG7Ngn3jQxsvr7wD6uAQ18a1MJtNzZ9vBHvNwjXc,1
4YJQH17ctb8w57er3EzBhJvyzfhNqZH7ZaJ562tGB989,1
4ZvQHNH8Pahw42BBxoupjpB9najf2D4keDJH5V9RMHkB,1
51QG7xfP71HqQ2nG5dGQv9gzwtAHoYcUF9zrXma7JmEw,1
51YWAJrs6cmxMLdagSiyxsaf9PgY32dBKkS59FsEdQ9X,1
51zjEpqf9YwW6BmGDj7ufLAZexSgaobfA9sE8pxAg3Mb,1
56jkoBeSjL3pYCfDbGcQSaoynbYogH8guNibeinGzatT,1
57mmoKggbYgEHEo9vmypR5EgxhCXF9hKqJZBw9Cxdu42,1
5CJhncbRwveY4FeVfZak9C6Fnt5p2yErTX1x7VGravsi,1
5DXBrntCADANNrrw6PZi7QSB9NtsPQS6fmXPskRFax6e,1
5FAH8L5TeZ1t1B3ExF45G9LxMk6vi4cnvVDH4tX6Ba9M,1
5fju5i124qtoNUuraE7soG8QxxMu6UsV5HvGxYtcinCz,1
5H2p6HKrXgcaBkUbHNsrFtj9BLqy7CD6GmKcE3HKwgE6,1
5H3DVr3qJWYRM2ZJQGUgdVNi6sw426281VH8fwwXP4YB,1
5LokhZ11irccZch8fCn8dr4JHncGNPHbZW2yxmKsDY12,1
5My4giRjPbzCSeSK1SzBy4q6HT7q277Wvt2j4eGwVRRz,1
5mZQRCzH7VxagsrCMXiwFgcz9Up36kexBbrjsX8m4gNg,1
5NZyjLNWvfPe436Mg2teHQqJS1N5yPL8HTNKoaTRipMz,1
5pAMGap2iaA6qqzUMxVT1JZmJYS97RdcZT58YDJYaGSC,1
5PcQ7gUY87hieCUDp1WzzY7FPA8JNc2uad5vJBCRTEcj,1
5pGkexaXkee1rhhF1VmoCXty9cf6N1EsAyCXkaJ8vwDp,1
5qXBCALMtcGefzQpG2Fyba7Vo4T1MeAGAT42pjefUiRz,1
5s2rnC9jpCdAsmbvSC1jLmdQuJ1FXM15TMGDDAo2FjLU,1
5SX7D9AQcDifcwzR89MxEffrbnkjjsNcKQcwtoR9C7xX,1
5tTGjkQzjLhQjd2y5LvbMKQ6PfzXUBJXkuWTaDNsdUig,1
5vGjdkhP7MXzspX29pqLvydy8gk31ZTWYwhxeJnP6EFn,1
5vtWr8iNuUk3oGaL7tcbfpXQ9hyXzivyVTedbGVs3k1X,1
5WeHyR2mCKjopp4YqxrKtp5dvzU62ianDLo4JGHuwyBs,1
5XQrQ9uAtHCAXzpNJvUEyrTkEYhndf8Zonk7uSN5MKHx,1
5xz1Vc5LMxdAE534Jw7LKogequnmLFFYQgarYBVpKu58,1
5zXHoSqebUXZGKP9eYKFxGx34LrRb948TbGUVNWwmATq,1
61UYtnGhzfaf3fEK9VgRDYXwPqw2W2i9prZ5H9KnA1B,1
62w4EJvpRUvCzaLKvBruEfyePfAMQe9wy8xy4Diogdfn,1
631QsdDio4rzzck3UaRtR4QherGnDWPYeDGSLDwKTMqY,1
63pFtzUaYFHubn4iMLcZq8P7SdcYePoqupUtSGgXoQwQ,1
63uAoQGte69H4U2tu8sMEr4nzj1oDYVQtrZR2kZLJ5gc,1
67f3kHefqWRwNP8MxDiB27pHqmqdGVfMhuERo1WjkrsG,1
67omjMsBjUc6Usv7JBMtT88ZpNmP5Ungoe1xwBZczX5m,1
68gvhj5sWJnzZiWxcZHA33XuAV6s63ivAs6MMWMPKVGn,1
68pS9m3G4rHYeDKWzAjq4x18cXuw6ZwWrmgFWUg9y8X4,1
69ccYDiK7qZSjMhJ6YofjMbNkoojeNvYbdKP54NCLWda,1
6aWqGWLywD2yA296DVifSS7X5SxHtJgUu2uJEvNoqqrr,1
6b42KmhZBpu2pdj8oAn8UuyPZoAJ56hn6Nr9Wa3gjE3E,1
6daQKDh2Qi3ddKngv4XHuVNZJ815oK8WjAuetprsuSCq,1
6eZ2oqi9RoBknNsNmurJQfEKp5zAAfQg7wH6mQLvpkEd,1
6fSHu98ydVJQEXHyQi57pw2gYnQH3pktfh9nUsJL9yr6,1
6fxHGSPRGw6SETg84funydEwPGGRQ7e77n7vCZ2zMdSJ,1
6FZhGfAis8Fbjo9pNuco1EaUHZjhMA12hQusr8qYrEkQ,1
6i9Qv3oGYj7JeF3wCArXZECmaeMydUTuhNgh52PN5MjD,1
6JVtzYuZhz389H4TukE4cCXSMekaJUBwDVBZ25u4BfwP,1
6KBh9Tu4MYGbkUC2RXh5MuvurGBbLtP8vED8uET4GC7F,1
6KVprY3DQPRy5iGGUBLuoLdJFkgCPHZFfUvjupKXfaK3,1
6KWbFkSnPbYYGaLVMemFuWjDnRv2pB5CPnmMtNBjhwuJ,1
6L9X2nFTJquKL8n9UA3WPbb27KCru4JKWKdCj1WuwSL3,1
6mgNSU1wxPmPeCLorWsthHpWDWxKc6TVnPiQmqJxX4iZ,1
6NGMqPNjg2LAUs7EmrbCdbJTXA349qqq2GcbUPHHGQes,1
6o2BqpD2Kug8gDmoqkydQoddP91amazTH48WX1XdKKTn,1
6ocg3ApJH3iFUmc5H4Hb2YHqNz7KTqGPNPBmAFffrPNe,1
6pgo2ehP6WUMC8EsvjMbs3j2Md9M4p6kuPv6msv6hg8b,1
6piUA2ZEY4nhaFbcjeLpPjShWdVwqgrKGXLXoe5RUwS1,1
6q64FD4xf9QcDLFtdiWY46K6jjnf5KgmryvNs4uA8yvp,1
6qHzmkYTj1StimKhDadFhtHn5EPaz9LAUdCmsvkWUAhB,1
6r24ZouFqYLv4xoPzvnQ3BkxKuU5DNoh66nng7ypPYCN,1
6SeV5kByhnUBg3Yu134dfjnuynS4U3226EsU3zqcHcPc,1
6ShsSPxDrbiF9kH4RE5b93kqqvwo7wmmgVLgM1oQT3zr,1
6SkfVcHd94YqzKAw1nGTZ7b6VQDPXP4xgKVu1LdPskJk,1
6sxorGHqiX1FD6wcgtu4ahD6zi4Vx6etK9k8dkWZ7Rx3,1
6UQ9XNSm7hpJUhbv6bmbD21yzH1eYUHehDN5vF3c4TpH,1
6VEfjFy73aatHg4WcTyFR8s6GAhrgoNtdD3CmAGW1FDV,1
6vPyWqpwHTfGMY2mC7cRfXduZoZgiXsDB1stBm1kSrXg,1
6Vr8XEC3z5sbzVNUpMT6aB6iTrgLtTbepzC7XSFCYe5a,1
6VWbfsHaZkyWa7aaJiN8xSh5C6MFzUh2VGBukisYiVBM,1
6W4JcePtackVVY8uzffBR6283oRG8cqSQXHHYc3539J2,1
6wfagJM21m3rzuWVjEQyF1RhpbcawS89Tv657AXcnG7j,1
6wmGocabRzDutGzMmCVMimQeE4qnQyYUoceDgNo48HFH,1
6WrXWE2wVDH5wzQfu87nbQRYbePAdZYPc4WB6zzPqpCH,1
6wtScqpeRT4qm6H1t76YrxeXgCZoN5LSGxFcmvLu1SVA,1
6xbV17oHY3srdRb6jPmVWwUug31Nb1wC6td7XkxjcZPk,1
6XmbZ42MEfpx3cVMrDv8ukkwS8puf9LozMQQZU8WGtJv,1
6xtcCjX5Jw6mAbGsAMbbaTGNdZMDkZuhyHtTHiLj7A8y,1
6Y8wYFrsXMkNLviJaGfH6J5HpJRqVfHfn6LiwFX9gwdh,1
6YbdvAntBehLgHxUJ2LXXqxU5notqnW3Rkijj8SVvKCw,1
6YJxs7qNPXUANHMJ9a4XsxFRw9X8AfwvaWDWQxpKPUCk,1
6YpfNWwrtBrnuYsLg3wrg8ZHxGH7XZRqZrEA3vPScxaw,1
6z7fZHYJWs5vykorFUL6TJZrkVF9Nb1taX6WJMELdGvX,1
6zBiL7ASWAM4W4ArNoCY6nbJTc7MSPdnkqnLf2FFq55R,1
6zeGhquKXJMHfb6PybSTSGZzz3CSpUvMy1QyXNEKgPum,1
6ZGRdoS266kAc9AojwRHkUyMLCXRHstWrKB9uhoYq9mX,1
71BhGyDoUCaHGG2Hb7gdP9aWCqF52sSaVcJSWMFxBxi2,1
71RyvRJ2v7C8Zh78FjKd1bVMrznAEksiLYXxiG6NNeRh,1
72c2XSQkSSoXG1qazPejrowReerXbrAiYJdfbpEoXKWe,1
73cY9tYnc3qPRvsLpuiE7WHQztRRr5pLg6oGAnvSzjCT,1
75HKe9iS9nVZPoJhUkQsuTuMvSm47ZuBY6AxHT5GAvMn,1
75jFT5v5ZW62fyvdXdgD385nCKfd6HHDPzu9wP6mFAMB,1
76KWXqni4rZnoWaBzvXSCvN7p5c5zgwnVSYfJuvsGi8h,1
77gbyLUMGQxWYFZ8sdP2jo22CFZEua5m9RebSYsTpH9V,1
77r19UsJYtXmu3kP4yXKtPhRLygXorpcEJScn6JBbEGA,1
78sL3s6BCkfVEpRoemvBDf6LhAnukAL8bz62mcwmC8jo,1
78x7u7jwmSyRZYpKvknTsMaDzCSuYtRsiAvvzPDwLQ44,1
7ae9mL9PxUuFW5MLD9Myfv5gGbNQ2Ypib5vt1ygNPnC2,1
7AEopgTE3SbVbwHjuHW2zXGky3e5MeRz4g73Rq7ZCfh6,1
7AuvnTzBY55tWSWcAUnCqoMyYneCxyeZaNd13LMzD6yU,1
7biegUwh8mYqspo8yDBdAg5QG4HLTsQWYtk76iKJTdaW,1
7bXJCh2QFQx23DM8vac4HPX65JGQ7wv9G8bFE7J5X86o,1
7cN4DsLSzWfKEkKLnErcMZo6HoVHTahVENgYFwCVYHE2,1
7D4C372ZMb7tdauhs7pAfXdVhehzCrFyEGBBTC4Tao8e,1
7es1KA2PtBkwMBTuyjazAmB88UueJWUCQo18JLWiMa3X,1
7F7EHHhjgXBVZs6d47uF39qKDMM2xHgUyCNFaNgNfo67,1
7FDWamkAphuyVFcNVNUscyHThwKLjAmJqXGNNW5PrqCi,1
7fMMvhjLtwFNNP7fXhQcrAJpgCqDK26DubZX7tmdUxBe,1
7gitfkWuceszuUkyx2cbjV8QA2eLmaABAXKHTp7wciJY,1
7GkT3WB7R1sJjT7by69L4DpqjQaJPymyf3o8xJqviiJi,1
7GSaF4UGD6ShoukdShNqp92spMVeFTqToU22TfmLmsjh,1
7H93NqePeWkGkpFH9gFmYYR9mVP8L88d4ehq3Hkfk26M,1
7HKjGwLDmmNt64aWwPKGANUfYDL3MV182gGCgiUEJQ8e,1
7JGxuf2kZBhUaCqEK9J9oLekbqEGkVxY5PHmjptgLLv,1
7jSjyuh82oE21S9mE1LziPUz38HoPae5MAktzijxTv6h,1
7Kyx8YExrLDfQEJUHZ8LsnjGifw1LkkGbBWSLgACe6a6,1
7M4MjpxqyyLiRgvSP3RzLcMKhHNAmR4omDUHaUfUEgtc,1
7M7WaSPfNoDowUjWkcsy89JCfWKL3i7xB9pABZFVZvEk,1
7Mjg8z2FjLAvKGGZmAbz6z52z4K17Lb42QZxhhTtKBdE,1
7NNZ23RRzhCFPw4MMq7ZXeiD62w43C2rjY1Hnf6EGzP4,1
7nQ9cfn2ZhtHFTamtQ75MZ8ETRcY3gXzw2cCp9qxFEet,1
7o1EtEufkTyLb5cQHSQB7zscg16byoZMQwfchRvtdSuP,1
7oeJo6eLMFv7pmp3wQi55wHHXEfHHD6JK7j6yesTnToE,1
7oSe2CDJd7YtLdAEQ4JvZVGHrr8A8fzfnyDBQAwUYXXX,1
7piMLrt49xG7Sbw2ZqjYime8wxvPtZmGweJfCHcoESDm,1
7pxbB9AeWRd5Lv883a1Ky68oTxTWdCKrGsX2HjqgBGng,1
7QbXLpQwU6SWPyCznvdeo4kGRaFPw3hqo38EQrADPbmK,1
7QQB1CK9sj9bTRd3j2EzngkjJ9wg5y5ztSWgCnUGSN9h,1
7QYxh5VauLWUz73R8CTe4Rizqyk2J5ZbhjYqnurQmUsi,1
7RgYWkKTynq2mKX1bfgpXCrsLoEkcn6d97vRhvTFNUC2,1
7SHCDCV1EiYwjjzMNzWSEtfxcYMcgP9E9gktHSqqVUzC,1
7spRVE6JbBibT1Q8dSRWvhYtkpVekeifq2zRq82RZtYx,1
7sucbfVX8RYjLjCPoTKbQydrB4dnKf8ZYhY92pindBso,1
7T4y7A5UQSuTe1sELytaQYTisXRpfD6fnp7Ada3EM4WK,1
7tGkckioRNEaWXXDE7wwFGJw8pLGWZFzcEHWs9eW1Tp8,1
7wZPVvXAE9k8iTqcJxhkALu9raLXFxeYEvXxMo5rGqmn,1
7x7ayysVxkvNVPXhHUePKmCH2AGbNYYti9geQV4TmHim,1
7Xt4pFkeQZQCVE54G1Mm2YHgp82Mrg27pS2hmkDPUksM,1
7yBndbyChvHcDA8MZnqHGM2qtQTRSvt5FJU9S58k8S98,1
7yDAUZhCzM5vpjNNy3AJn3JCj6jSxFNVN2WvpaPgfUEi,1
7ym2LLhNUXUnteQXGq22wrn9cTNY2km3nCu3xVxgPRdQ,1
7zE5518wyFEGrPeQAFtf5mq8A6c6QhnAtgq8kniaZLjq,1
7ZjMVNYef5Cn87dLJ9a6kVvChtKbBjz5TQCvkBHWrmkw,1
81hSWRbBYZEaKmPAZ4eorgyYXYDhok7ajk9zmZUgCduN,1
82fsqH1GBHqFmQdFvwVFEbFx9K6xcC2uiwv7AwChynDU,1
83MM2wGKm4Efirnm4gDTdwWtRevxxeUtwo8BiXrTbip9,1
83V8D4vdC3q8BVeF81VEsy7ZG71VwiDJJPk5ALmna6tb,1
84QERRXrwx4w5jWYpahUmBBzkaNeoh7hXzJsqbxfPNqC,1
85MutfsCeUwsqkncsQVCXUh4G1mGW7crwTYqLwWJRR7n,1
865JnKYx2sq4By2Kmg6qMc8cERSutrBdpA9uy3qeL7e6,1
87UqiYJUxTJGhNNh4i9QqBEgiCdMxnwrGfA92GNK1y2n,1
87z2aK9k4eVWWpnK3PmZu8MzMGknVRmDBoYZoECvjEBh,1
8839JPi1qCsyTPPNSATYwiuC13WQDkhuNGMDfi54A97y,1
88VgfhxPFYiTRQGu8eN7PSMzxCCDzBxf1YX3oK5V825K,1
8APqDSZMkAArDkbEcBiiCpemsT1tRHPn35B9rMRPG3SG,1
8bgnsvNJYr2bnsCnMNFqqrEMbeavJFttaQTYSKxtrPN7,1
8c55PxAhGWzv5eWrmoXbGN542nbR35zddMf4XT7TVoep,1
8cbhbCtqypXmbwbAaLXsu54xoApQDtmkavfCtJvJfHwg,1
8cCLLt3YmjdJYPQX5uZcQkwKbjT8KVbtgEgBAwZgqFnh,1
8d98PDDjXAdfr8mwpjCSGE7oRDD6GcF2UWcYAXKcxe5R,1
8dWPfLYHkJfsdJxDEmQTao9zD88nfe4SE9Dh8Zu2L6n2,1
8FdJqTJ2351hRdQuujnFFjvFE4Um1hBhNCeQBKMqcKWa,1
8FHACAN8ikFSCxCbSjLCb4pSVLE4HkWKVmSfbBxgMWcR,1
8gJNFUKQbuYgWTCmc9bCs1q7jA1SVyLbAFiTtNAXCCTJ,1
8GRVbmgzoLvPriFbkSxaWMWZFgdXrjtkiEhd9meaW4G5,1
8jBqPt7U7ypRYqP1KMyyBju1My1nGgbsy9tuFvhfrUBo,1
8kA6htWiDJUFNKNxsyKerL5GHAyQR3mJbNMA9nctExX,1
8kv5MtKgLpip18ZvMgrXxadmchFdHVuAXnvwaUXnZEQi,1
8mRwf5mo5qMnUACk6ZPofFCDB39PYFYqN9izC6uw4Yk1,1
8NTRdKdS1U53Jbe9A7hU6sCLfUQUwBiGBXj85ZmEu4oQ,1
8ohXs4oHpPbAmrg5rKasHwgMWqzGTUyECTvqdEhKC3Fg,1
8p7yAm8EGR8E1sFLu6XKHddtvrxtC1uxaMbtFU15VHvf,1
8pRLAQFd8NWEjeMLiZu4PLAEudDQfNfG48rSaHaYf5XV,1
8QG5sNvE3NHJ3VF8zTUHuM9mpQhYXmPzeiXMbpFY1Xcj,1
8QZAp2Va8cdBXfAV2sTEsM7oQb6YEC1ADx1Ue2v8FQz6,1
8RcFSqkWwCyHNZgsndPQqWEMHksT5gL8EMCXdHo685kk,1
8rdgWVJbvVbagGGWcmsW8zyxxc5JAYHc6ajPoux3Nkd6,1
8sAhUskZaBZzDPcn4zbwKw6G7hH88Um8qbTRzPEENwpV,1
8sFiVz6kemckYUKRr9CRLuM8Pvkq4Lpvkx2mH3jPgGRX,1
8TaEFzzKY7h98mdKLKNbXAzGVbJhtSmbBX3eYfVHi7Ky,1
8TMbx6Gdrydutx4AudPni1RU7BEaKwC88uMwL499auJE,1
8Wy8HGvt6E7r28fqxTHjZF4SaCSTM3XxE8YmQatDDirw,1
8x5WPmYhorRKc3x8Bpm6sGqybJLVe9Y7C9ZFzHY535s9,1
8yGmi4AJNsvk9sGvuAUiDmCVvqS99E6wmMnEgFgfQhNe,1
8zCve9sXD98i2H4zbGTHTvzZA9wmXysXmfftaaKm4fEK,1
8ZkxpiPyDWN1R3L7Ypmce82X8bSA7SW1E3jmsKXePVg4,1
8ZwE3P7VKXtM8YE6gk1eEennF7huP6gGqUa2igmHtBXy,1
8zXMXRnk45cLbfi7TzxC6Yn61vzxtcBYomuHLNd5LaQN,1
8zxYWoCgJS8PfmaYyyLHrTqagBFc9bvYXTvhZuwAR8MP,1
92Mhsc1gfU35srtrow7v3E1GWuEh2dwnjsUYR3hcPXd9,1
94n9jZDNsArVG8wnntyNm1pFBoDuqJVFwRZjc2eS9buB,1
97WZ3GrDeNb7XxRvrDsECNCUGAnwi9jD2s5vxhavg2Fu,1
98XXwrkJPkJtNtco8bje6DFh8RTPmaSjZyAhaYjSPbdy,1
9AvVC5RNjLre69PL1ruWB5vj2JZrBaYKwTDVEUUyATwx,1
9B4LeJyLscx4wobfENeWXuwawEZANhSYAQhxdfu1PpGi,1
9b4q3hSSNZEhpgP2PGpcbfcmG5YNhevtZg7FP4Dt88m1,1
9bF2KtNgKYX2YsuHTi6enNp9XmFKAQaRA2j6oZfrXTCd,1
9fG4VRsGZ1RXGaBMvR28Dcu3Nczjzk8QcGYPYng3M19L,1
9FpYx84tb33CLpRgWt2XQ9CDv5nH8NLZChH28bwUGTwy,1
9gLMeoqKizSPPWz5jeLHFNZvm6dH3nnjbN7K4BL2RpCH,1
9gVArUWkYbBVJKRbG8rwwPxTicCCF7LZHN9sWReTjmxR,1
9jhkaMwtCTSRjd6dhrV9T9r75oPG7ykycNbkJ14DLvfK,1
9Kjy4WL6Vs274CdWL84JKtFGmdtQLXyaYgqaspCGfnw2,1
9KNFif7Lkd9DWxeXZ356aqcRHkFPaf2FFakhPnDgANhG,1
9L7DaBjCUzEqoiSUhuWi4pWrahGyMky15pdUUXJTLz6o,1
9LaMNG6SaojEwLFkvW64ZB5cbA2TqwG49mgKX8PuSkF2,1
9LcXTcHqEJhPfNRu46k8ZE9fAJ8PJZUF3gKjmfFm21FS,1
9LHi3ZQivbAVyykb1MeY4Hu8SaQAXbbHdEkqoQka63M6,1
9mDnf7qt9Nn7JtjQ7Ar98hDAhLvS1PtdpAXcKTJaZqdA,1
9mfx8dHW7y5FdnCEWg9KL7tp5sJk5trL8Q7nQhdPVwp,1
9N6iczyKVbjr8mNqVJ1pGyT3FSVfA1XDs5fZ8oeWjuH4,1
9o43u2wSkN3CA4aNfP9uu2ha3arZt22MsNNHCYjiKSKf,1
9omJgSk2NskBvhrZsR8haPuYhbny5iXReVQ3AyviXjmT,1
9QsULyEZrBS26RBgThYcPpkC2DMbUWU2k6evZ83sQoLX,1
9qYx3Ev7cjtjWQ9m5CZhh8F3VucqHiXwd8GNBFHsQN7,1
9QzaK8KKLwZtBrega1mFXcfjRH9jkTEY96Zuc4uLGBrN,1
9SEkgza2xKRJaFufmsgVUj4hpcRMFSMXzKinQZij5pS7,1
9u1vzQE8Sr6JtDW5MLhdsQkW9AzgakaRrWhMxAQYkBeV,1
9uP3Zg99zsgPVzj1QGi3yS3pokP2F5Fvx91jYfBgkLLf,1
9V4P2fuKuuAfdjRnPjmjbRfc1zRTzsyAvKtUHgcbYojz,1
9VUzYKrrttcKRZYZ4d4C121NbZKjNysGDMWfZTwXEPxE,1
9W1FSyGZe8D7es89qgXiAtBJP2W7or9yXnZuHAr2YSnB,1
9wPQbmBUWvo39k9cSv7Fy4Wx9rVwbu8WunvcteaPuH13,1
9Yn17pvAZmfqSx4o8vHu8q6CLp4toRZqqxuwUFvW1bxF,1
9YYgbNct744GzBvTArBVHiddJiLXgoVdBQTByPuu78RS,1
9ZLojxtrXvZKH9fnyPPM715QBzhVHtaSCR1msgyYFmWY,1
A1pxoNcR2Xd66j9NpiqvC5Bv6dNvZWEp9R4kHcVeBpA3,1
A23DvKSiE6usZq8nu4x1Yyd5MHSCPuCwY3xpfVF8xV5a,1
A3BmvXndAsyFdLRL88Dazd23KoCJtqmDMimPg3ww1Aps,1
A4MS1FLD2mwqxJhwix6KndEVdUFMSDi91npGLJ6J7TPH,1
A4UefZzsG6Cp9Fxj4RLqQo3TdNrb41LW4FZuCnSasLaB,1
A5T6AVfehPFwPfakHcRc7ePrDQVcqFeeSyEKTwbXDxAf,1
A5zd9ttYNSdTjVEBouw1cabGLqU4tfeYL88tVojWFeWs,1
A72cE1UnU8Y7NuaUUDYWC4DpkrXKS8BBAbHECr5vPT1X,1
A73ihFR8t4qTTH9b21Xqr7aByDFK3PCWEhyo8BRUJaV7,1
Aa51HgYDKD9arxszBjuV1FdExjQCAFBtUGVwGVREqzYg,1
AAerfJ1GBqGhZKQqUc5oc2PjBs9dieUjBKZr9JAmiyLc,1
Abvzkwx9hV7jFfqVCHbHg59ijnSqAWC77yHZHWw6xPYL,1
ACcBn2P3NaiFLtAk5nHPj81Dzpc7xMZFSX8Trjqom5tW,1
AcyJoJiYnSv5xVJimz8ujV8NoCmLM62rwU9kJMLibjbX,1
ADGbRY7K8UMeKChx6MDwxS3HLjUU11kCEMXKnADxbdGg,1
ADPhX7Ah1j1hqUzTJW9ifQrzCNyvLu1TsYUTDGRCoUZC,1
AeRrStgq9WGKwFP14avJnFoid6hWuTKY8sVUercNmgBg,1
AESCrC3spF7Uz7Yo5mJ86Vt2ZyNL5po3nUV17kR6Xcth,1
AJd98hJz4ofrjRxkWiRqxNUNfExL8hTWvoL1WgjbyJ7j,1
AjW4NNcwVA8LHaGfrisdbMnqPfkFfYZdCtztTikQ8NRN,1
AJY6PK8skBhBqzvdmsU7i47ycHDxTg1cDcaVmU9p7Gg7,1
AK6C21UodGKXsBTYTCm7Fx4GeHDb4drobo55hp2CR3Dk,1
AKgEPEPcdTrrK3sKhJ7nRyJi9LEVd5hiVTLVaAjuqYsK,1
AKHHTVhYMpPgm95z8Wc7uM6AwaXWvs5TAHbVh8BkXifm,1
AkUBvLeJMUztwbQxrgtrTmUV7WVZNJ8GXky3dRkij451,1
ALtUNpX5M1QPbA4NP4E4tnfAonT1zPm3LWVb2trqGQQe,1
ALW7abeKhYoXidipH5FjjHD4TRtrtkcLYXaVaAYGYWTC,1
AMixeiRTqXihxkTp5X2dnjoqwjSSvk4dsT6dJBgndAbU,1
An5pcBVHcqzpeapBtxWcBfTBTx2yaxncW2YXhHhTtAN,1
ANhSEmbgfPWpe8WCdQuoUjyirsrTnbP6EuM1baiQVaJt,1
ApAHkdQFemPk65xypu8RbihCB4orWEnyH6wsK1H15bQT,1
APapbtB19CJKF5VMVujgXhNH4wWm2tCDtvwheJ4VJjPi,1
APdh72sjL33Z2nuBaqs82JexHPJ4t8KhMSGWJp2nR7Ym,1
AqeHmSHj62gp9A37PVM8ztCFrdVinxHrXoEtSqcjygNP,1
Ar4jsmFvFYEYZBJg3LQqZxGx5mfps152B6a1HpW3sD4g,1
ARFRSvaieFLXFVNLzd7SXX7g7cG6pPN94GrsWx44PM5r,1
ArhoQ3cbRhFnA4ih4HZh1accktj9h6ZNiyvNk1MMoHzv,1
ArKnRYpYpMHgUQHfDRjmppQZsmonuR9b3x3ZL4us2MQT,1
ASswuuq5hGAM384HxJTzD6ZHQoY8PdZkMdkNAuucWzH,1
AsVk17CKHCF8UPcTHrJjiXBBE72Vuq4wZQdbSNGaxQnz,1
AT1HDjHrBqnKovFL13cHR2PfzkqVJuVEjAQc5mJPWf9T,1
Au4RyqfGCmhAP4c9SAt9eLTubwBm49W6VFjs3hBYYC7q,1
AUggYqJNJKA9j8VMjY5CmAJzYxjeSSBPFqBu8aic31ib,1
AV3ZP4DwdHDsuW7GsHCdaex9PpzReM7KF8gE3VUxMXMN,1
AvAc2ZZKrTFnZs5HZZLTZG59i2ysqsZuzMPRSLESwov9,1
AVuVc1LXPBouXYjJRRVP4MEdcsqGVEFZaDnmVWHSSYMm,1
AwdwWtZWN11bqQcTdrA3H17hb5NA8Wm5duP55eFzo7zh,1
Ay6zCeh3WYbydYESsi9DSWhAxVSvpA31DNfn8S3MoiBT,1
AYpvNovLJwTBcpj6b3pb6avUNAb4YeErU4oZ8rBnZa1r,1
AzUm5fPyzwZAdBNNT8Dvh67jLzifJdGyen1RTPeTHojs,1
B22cgQ4fpdcAfbNSwQ3q7kNuKSDpGArVXi9Vgf6zEog9,1
B27CuG3CUSyCpxhxKaMpn7RPZB2yAFG1Nx3iVJCZ1uJL,1
B2BmJ2FVio36j4SH2fYCWtdZPrBgQnx8ovZ9TypRbYfY,1
B2xHAEupwfcGLvmrJZmrsAFdC4qoQRpoExjn9uZbDZyH,1
B3wTa9h7Ns1X1JmXw8MEKpMoiYeh9MDAg3bLFbv6ACnV,1
B7SdXxJhJ2niTQjqBzXBZWMZYPq43sqPU7z8HmpMm9jA,1
B8X6TgHVW4hvFhWWihzY5wtHwybHmzRP6poW91T9xEsz,1
B9HCgf7cHYGMMrLP8v1e7ejv8ETjBsrr5wzJ9ubA3aeo,1
B9HdbrT2KfF5N4U5muHxpic86kmnGQcUudKLHzrpogE4,1
Ba7z3c2fw39Kr9SX6rNQN8GPz48HSevbMxk5Ds4Sgdjp,1
Baw1xtYFaykjH6famzFG1ARdxoGuurReZF9izhKwQKzJ,1
BckLKb33y9dvtGbvpxGwKQLQRhKwu8HfFausumAwAhQ8,1
BdmVpT5415TY4eBtiKEQVWncMh82dLujQz9vELcwSHGr,1
BDt1XerGnjE6coT76fbs3eDw5V7kBfzAUiS8kzhkqtck,1
BedZuDhfrFc8HnhFK6d2WTVoYNMiUZhJgdwnBaDB4meU,1
Bf9Zb2WALWcZudfzQe9yJCSFJmGS62LhqF7uvTAhNrBB,1
BGGXsEjVMkWsE6H5ibHABbUyVWzDoHLtjAsummGEVGJK,1
Bh4C8MM4tLYNd9AkEyRt4434hUEUT9yLcoMSfo5XTBSp,1
Bh66EPyK3rKr2QuR9JyCMzDa3zghZkYCypc23r8Be6ZH,1
BhNdDNX5bidzKnFZF1573HGqJS9PvL67u8BhkX4Tnw1L,1
BiVJy2nqFg6gNpWHBNUp8PSJwYv57ob2YR8kcVggEb4A,1
BJEJ9hHs7bqMvVudEuWJF3RJzF8j9SvDbxNSL3vF7Mpb,1
Bjv25SDMbas2L5mmJ56WqwrZjfZC4WZHfJMtEoGgs4ok,1
BJVE9j6pQbbQ5A1AJpgXs4QsZHCYob83WVVCDypgWsYr,1
Bk5dKiUCP5bybGr1z7eGDCSu2NcetirnVb1LvnrfMEYr,1
BKJUm1x8KFAThiyozEkCqLCYsgcB58qq9Lx9bxrSPSkR,1
BLusRsUSPkCuHeRkesE94v1R3MWBG9DB72dXPKLrwVY6,1
BMge7KwyyCJCgCeP7ugZ6Y7GCSsoeuBP6CemR4U1UoPz,1
Bn81Ygpof37Cds9J1JcxSTLnEG1LxHFAkibz8ybrc8zd,1
BoEGRoauUxAv8Fa1jXcUa2prNsSTkLV4CanzZgVhFYv5,1
Bq46peChvwrtWVmPCS9KJMFPd31PAeCE1CaQacWhPYnK,1
BqEyEPvWfhaZZy5FZoc9gzoFQqmEGhUKUjHk4CeMB9qt,1
BqRhutzkxxLsCfABbSwPibMtDmy793VJLUqzYnQ3m3Rs,1
BqUcqMNV5m6nNgC9XGPkSdSYJ6rUtJCt5R9X1HzyB28L,1
Brc6G1iq3uVMSuMRtXVxRgctBZJfEtKBcqyiXUyWAijm,1
BrwVuokV585J1SbcSAkD27GUn7Xrpi3Ka6e9u8XhSDzc,1
BtD6ZbBkaMxat3F1cVTwCSrefKvX6RSwZedhmP5tG756,1
BteqaXoy9rWBy8rEh8jFAS5wcNtaHA3afZw9VnB1ivca,1
BtuALXytw5nhLMafiEhpeAqwkpwYRE2gSv2MXzsD7EP4,1
BtWqLTL5Zk3DLH1TmBzEj4eYHHFcA45Rt2zUPmKzoQC5,1
BU8GoPmZ1VGjAABxL1VbAvoV5r6ZkeeyaitSLiiGbdGJ,1
Bv1bTSbzQGDSKAg7DEhLHDPT9aX1kEBfxMvsP7j8bLwg,1
BvWqYzMPETmmpUsXxnvHutcBmni8oSWXjUvyb55ydGhr,1
Bw3w3FJiYYuJfQS1Wo3ESK1vVP8K3A8qzS4LAeB7QUyK,1
BW61S3Vx5cHbapbN8WCfmNDNwsLJ8mespy96pxpRtPrP,1
BWkdg51gT1aKWMjBH37h4sE1TZxXvRrv7orGnZrMhpYH,1
BwovGWJgqEfjPDcKX8uBNTqtZW3HHoRjYP7YhKUdKB1M,1
ByHhcqxynsBYynYecPCozaboJj4GC9WVi2jxkThaAmPQ,1
Byi1WdAEUQSqF6PxDUp2CfbDy16cK9fff22VspjeVQC8,1
BYNkFdPCi5RUrJxEV6BWjQs71TjYWGZQ6hjgioc1mAVN,1
BYuMXs8i1N9HnbiBqNSeQMCgPvh6W6cM2cM9Ar9sta3f,1
BZLMuU5F6CsKzCGgiGR4EYhqfd3oBqSvCPCP4L3J2RMZ,1
BzT73g9pNS7ZV7nE415zmf9jM2zrJnhuRcGYXdtVfmAD,1
C1VCvKqwTgA5WqdbHH8Hyk1sP3L6L8QtDhXwdYysytES,1
C33MaEDqkc9LJJGgwiFdp4HDs9v8wh7bft2Hahpm8ZPn,1
C66magiXmCtEPAKUsgix7hAepQUjZe4jB4QieV8qCYJK,1
C6mNFTFujzMZxVWTxvpxvTLo4o34vKBKCPBvmeeVMxxB,1
C6oaLyttPa4ycUF1YWWgWrJVdev9ysYc8u29BNq8Cf6z,1
C78Wb4c7ocWgAAuH5wzPzA2LtVMb8DdrFtVzJ3NDYY9U,1
C7EyB562gLKgpvxGFcSicxUSFaWs8rfpXunQFkLSigFY,1
C7tbyaWYsfci2VCBy1oSnUkDNNszoQdoqiBNgQ2uuZR6,1
C8ESt93raTctMYVkLrxjhagK3WtgmqSJyyRk7DG2nksn,1
C8uTqsCARhNivknAZHRBjxPs77ESoBSnHUajjmeXbrgu,1
C9SfY9PgzRurLVUj2qgoBhiCmDGN2ZkdShHH6RmAZXqJ,1
C9zGnQSG2sMP6xytxiu9tUkX8qnmasTePzBV7uD4XHPL,1
CB4B7USVUGHAB3Kn96pvCyW8P7CCvNq6dA37FYvhrjv2,1
CBAtef71omHAzQ1zWz2a79tH8reLxCEujC4JCaquJbob,1
CBvXUTastGUZTbvPckzheiWgAWQWWkUAqznv5mJKyzkc,1
CCdcbj5scRVdxSHJPVYPLh3tpSNKWa5mnAQMUSUWMw69,1
CDnNG7gycKvaTw9W17C7c3CWwArE7NA9y7G2MUPN72YF,1
CeHesF43VixZXFfF2V94dLiuhWNYZAFzGCVkdAug47TL,1
CEWWD5SVmLi7rxh7524rTbF8Sx5coWJKsg9m9TU7cWXW,1
CGYtnRMzStDQAUt3cfC5z42sotbJcCBgAnyocz1fVh7R,1
Ciwq6SKSfg4Sjgysy9oUqVfDyhz1jXwBCjSUEXFcv7vM,1
CJNjqxgmDqjdjjd6A8PzsLCuoo4cae8CMXjEDiNbiVXH,1
CkhQ21e8Swf7jgJ51wpzvnxodTsYipGerEyEyWNcUwcL,1
CkYLZ8SeJhLfLeW9Ceeyb16xcxEV733hmiGeKiXNc1A8,1
CMcv7QKP4HiK2nDmG3LXf5BE9JFHAHYhKLWZ1KYxB4Ze,1
CmVzaQJyK8tEVi3Z4DLRbdx5dCA67kisfY6qDAAyaRYU,1
CPmqAcyrCXbD3MzKCckxR6RtAF8ns2MjwJY86a2uxReK,1
Cq1YqFt9UPgCGMUJFsqczgV8EzxvKEJfVxQxsBakvLjJ,1
Cq47iMZfUBzNcCbyKHaHax9sHR4w5RMFLhnsViGsyrLf,1
CQeLzJijWAniyzkR19C5QT3iHLbYZq2KAE8Ve3FXDaj7,1
CqRBu4Tet4JEXyeHq6FB5hUveETT5Z1TADCFt51YN23F,1
CQs3CnAM2mHrYWNLDViwbqdspPDcdaMcxjXBCR1HQpeR,1
Cr2jUfXvaNKCcJv6WiHUBrdqmAGG5ZpzUD6852BHK9cd,1
CR9BDBKM7q4xWDMY4gPGt8CgSnv9Kgk7XENV3RqT3ZhX,1
CrEH7UZaKBHGasJrFsn6QC6jdvEELqd7GVWtMTJLik2s,1
CrtzGJj5FHezPgDfPABoPAgqX6sxpQXJZVrYFpLaN7Ck,1
CrWQ6FSEPVSvSXrVFiezYux7f4znuQ4p28sPh4z8kSGP,1
Cs5zKJ94se8tVoZugKqNBrsXbk5KsvgSbLvZ6hK9ce3Q,1
CTCzBETnG75QJAZzpUSZFoFURKqzarn14iBFWccFgEzW,1
CU1mxEorDjS6WsWZBNN7up1iGpbEc4T2j1fkYM3Fzf8B,1
CuaGGHdcGXkWTTStMgWbnFnHBbnumWYM74DuZiXMTqYF,1
CUezAL9XjBrVdbiR8gKUVfzESJDdnbSCujyFDSgkbnL,1
CujG2fcJrdhCDBJocCCCPbWC6jLhSD4EBzoqywDQt2LY,1
CvZxQ7BzCvETMgm5VEcMAAP94gKJGYP5HicFnXeyjdbR,1
CWjzsbrxEboFgEoFbN97s7PDiFJGzR5d5NHvjW9HuJmi,1
CWpEE2W3wGNxdPq1LbC5hpG8ziCPmBVQ1NFjscGnW7DE,1
CWRLFr58y17cjdEYi9DsZQYbo4Ky2BZ9A3WGdVE9uLgQ,1
CwRZ9qgpU9B1GwEZBePwivXdk5thEKCZ74TetvdtAG2q,1
CzAHR563Tz3PJrmWm2EFiSD3WSgK7T3NGr5A4Eau6rHA,1
CzJmKDT2bHVPvLMDASr9hcZiNKEeHAdimTB7BpLRyGMb,1
D1ma64Y1NBb22cNu7FuWf5TDHLQonBEEVZ1SgSwrZv4u,1
D2CrtuvQJYEaaRYJgRuRZiFswG39NQrWhce9inzWVmgF,1
D3MuDmrs2dm6U9CiZur651CnPjLwUWjs9p1a3PoDs76H,1
D4SbfR62W6ZK2k77rqsYiGM6VW4BWgBtBP4Uvo7PFxs1,1
D67m25Esr7Mn7YGaz2P6KsNwTfU1yyjzoDfdu8pZhKRB,1
D6CsVdpqWjU7KdHa1cS8oGafGKHtD7r8N2bQjtDWNCPv,1
D7Wgk5Tf5n4bz5uBakfgfrGq7hFwpE6pATWxFb6nheKP,1
D7zhSkmaA4Tp1xAEuWpUrsWHqwCC2zZeyfGRVSAGx7jq,1
D9a2J4Qt9sXn1kFFmefa1WSDWwEYzwdtKnQ2NttMeQra,1
D9Q29kxPinmFL271GiCttqK6nCRjr4NLLCF6o2zB2bkH,1
D9t31Thbxkkn97xvJRL8qTMwFN965KbpbHkgntwKF526,1
dcaJvJdVEwytcxK8J3PkqFsvjF8ZfMm5Y5tUz6sm4yZ,1
DDauLAviMSxcHzrS1ZEDXf3Yu78nrG1PMJ1F4Y5QvyFn,1
DeHUiuTtgjRkmyK8cWGpD186rkXo1mzrrku73qAZwiKX,1
DF1tBRGT6qAHB83axxMV9McbhH1PhiRgx61dSpRd2B9U,1
DFMgtLZ5VUhsfzvmYENXUzwrFFSmtky85uvLkKb1Wefs,1
DfnHWiSvYQ55MfN864MhN9jANwNqaf6fcsrqATWAo6Uk,1
Dg8VARiu8XpFmYaBoNxHQGicdXojRPsuyKXHq9e8qVCg,1
DGsvF8WEjsZDXXn65kbRE9A8JN6t1mYEZjAFj3wdVyLv,1
DHSHXCJpLZv5kVaKeQFZmSrYrdG9cV7Sft3p4jxotELd,1
DhzCYPohPxUUAZ4Kvvb5i8gum7gwdkugJK1XTo4fGyDV,1
DJRUZTfX9kZ9wXL3m6w7S2MfjywwK2u1BW24uSTEqrgE,1
DL94DuhRTHMHrr3DxyMcL87NQjsjRPDsh9gWYskUKoca,1
DMp383vt9ptPzYdDLk1zNhd5cdZDccHKT9BvdXuNWMoF,1
Dmqt83UxdXjFB9h39E2wPDRyaZ93hebKDSqUHsRCjHAb,1
Dmw24xw5h33Fo4BaGoseMYgykE2267TNgKn9rN7vjdjm,1
Dmww1myuKACJDjDPbESp4pCuG9vainruujTs3dCQifov,1
DNCWZodBQz6kjvAHn7uCiRx3Seyx6eDciDuF6fTgYF8x,1
DNRcgKkmg28cm1QC6uYy4Gz4GfpepbLJCKqCW4ejzrsN,1
DNUDL5daRU84bVZcbUpbFNXsagcJakRJedsBPGe1pYCE,1
DnY228cT5zg6B3Mv9fuyji65Vc9ZozJ92dmfsuPhSt3g,1
DoSYSxmPWFvKkjHAjdHF6R6SBoRH5K2bFaWxh8x24RqT,1
DQfw8ot47SqfHkvzw3FY7J2NTu7Do6BJ1hKKfB7eUq7R,1
DQMLJe6rcj9Y8CbeytU2V3uSm84YXFH3MUUgFjxkHFvn,1
DR3HUgqQuqFt1TWWkKFRZcUjhXgqHquovusSxHY1hYJY,1
DSC2Ji75V8LpytRoXiYhQQVnCMUZaf555RsBXZbbQELH,1
DsW4fsdtQ7NbYp6UDePKNjWDCuAWvpvLqHry9mtMkYRi,1
DtUteK5kqhz5YQE9vmKQjPfdMuNAbYEFda3rTMkPCUm3,1
DUrzamHd6mFvD4ZSyx4jvuycuo8a6g8gkiQ9PFvDnTRw,1
DxmM23pB2NyThWtg7XmRucAi2irvhR6oj89P89L9c7sk,1
DxUqWu9iyB81n5unxbNHdiJ4iezt6LnFxHn4uVGYNDt6,1
DzXY93Nxm684bvNZqXXucxRWdm27YeY8pc85eqVGdGDQ,1
E1f7R7TvMNBykLBX628ZgMzmEzZEkpgkUk37yyNdkDeP,1
E1jaHRifcxkSGw2sRDRtEJj6hbDHWDv8RyMVXQnVkaQN,1
E2ehmayBBCURcWkosCMNBnd57u75yhYT2kGTxVB3B91d,1
E3iwYF5RSMakQutqanSGDkX2NaEr3Uf5tLCBh72wpGMu,1
E4ENs1XHVmy84eEV4avVedTxtUpTqWWUtEJqyHror2YU,1
E4otHYJED8SqwyyrQ5FVkS36DYthj6fXbhuLjMmd3JgD,1
E5xMP4wZ2P7wvEVv2TPdckmaJD45NqXKjoPP9Q5YH2BF,1
E6HbAhB9hWUiB75a7LJDUhDWAJFxH9tzuLoNAPGUZVfa,1
E6ZDhg3Z3DhpdFHhTPJjmv3U9Gs8dFFJdsD6KRfp2d9X,1
E6zJxB4cj7QyN4XvTJ7k3MxSZHdfwrbi9T3QVovZvTTJ,1
E76famZzG9iwVAcPYppW9XQrxtYY8xuYSnNVVN3XiZPr,1
E96Gq3tua6gEXZZYmHiEy8WvKiEE3p1QEcAPDJPuoYjA,1
E9ZRdpvaD1bxdK9atUhmuarq6QnfEr1ERkD9CA2LURmr,1
EbTZw6P3mG87a8PJu3QigmZpsJGZVS4dK1K9Je7k8RAW,1
ECbMGaqu2vPQ6WjivBvs7b8bLicRc4k856sVCk2dWE9Y,1
EcRnoE8wuzWES2BTDukQCuitDW8h4ynStxxCbb2N1tgq,1
EE5Ve6y7m56Sw3KMJrrPeu893UyMov3QPfshMHmMKKJq,1
Ef34yHptExHBvNJ2voihPJx97hFJkyaSrrHn9Y6zCrHq,1
Ef5Wvy9PH2wUSfQzPaHSMtG4h4u1YFthEJJS9GpCUtn1,1
EGrswoshbSMFB2Ts4y89SNNzeyseKYpG8X9G2u4GQTy2,1
EjqjXaURA8uJtm6r1gYJKK4b7EP84y4uMuSZuHM3Hanp,1
EK5eAFg3obEMG2FjYVa9Y8ANpnLXJb49Y1qW7gpnPRfn,1
EKM9r6eLRV3vZgSHMCyYyNpvWxpCXYHQdYAP3MPjBmXP,1
ELR1ERBuW3Vw6dfeBs5yQrjrxtTAjgLGsp7ab4wmp9ck,1
Emy42ZCzQf1v1cRwf3BnAfSDFzYc5jx33X6Fh8TShrDn,1
ENK522mSumZyNsX5TiGZgmczJ2k67Zqt8Mfc3EvTpEDF,1
EoKm6Nm8kEA6GaygEksYtTBpuXTLGgxJUpxSCTP1er7E,1
EoLXNgAAYJczk9TE4srYayK5syRWKyf9B4exJa98mKt8,1
EoZBY8kEua3e2zYKtfpfngLhUHjXjp9dqV87NhwhgRL1,1
EpPsY6Y7u7Js1Li2BYk1mY74ujtaXuCrceQpbhs8atVr,1
EQXP8hnuZTP8YqUhcMUMgeAtR1SKuAD2i8S3ztyoYFbM,1
ErcC7iHNsLskqS61xbXnBNJqawbDLTYDbh5295NJaMCf,1
ErpBnXkwp3MBJpn73k2zJ2PHjF4ZydZBLmW9FgRRoscB,1
ERvAfVgCF4g6mVS1opR876AdhbzHtFWPY5EuMbTu57B3,1
EsNemn5DwWdtfKsaLuW6yJW98ocjuSXPNkzkYkskcKNR,1
ESz64HUZ1v4gSnVBv5PjQSsSyRzHmHEr1Zk8kViYbHBR,1
eT6VGL5dEviquAnSU9uYwKfLzDAnWaR8UaqKRkLhHD5,1
Et9M5TMFUtvPBHFe6NtbnEKTqewLYXBB59CfQzJ298Wr,1
EtXe6Ydj3e1E5bbRz7G7vfknh4tY8qhcrxiSJms4rF7h,1
ETzn6jb5PzpWN3h5ti69XZwpEjhMwbdoviadmaBXcJRX,1
EuEwrcBX8peafc9DKPShiyGY2HNv1VcaJTzPctt6inqv,1
EUzA7LbUTUUWg5q5DjDQoLT3euy7UPWiBfQcMHmM5hv1,1
EV3ESM5BTbFrhaZxza4J8zDXA8oJtcC7zEcpZ4fHikoy,1
EVqmPpQLTwcQDiHHUXyYcBKiDhdj5KXnxeCUsSBHnpWd,1
EwCurVdMnfDb4CdzMNSoayxbpNuuBZfsoGKNCKscghp2,1
EwDiXKeRcnMRZ9Gd1mQkUUsVVzMK8EL9Zynt8msyGd94,1
EwRpKANbLPkn7DPKNGDRNAA4fi3MMsN3xBv7zKDXZtew,1
EX6A79cJ1zToy8NVAtDucTpSCdSedYVECTaRHw3Fgsrf,1
EY3BdEtdhrD1nAV2qoUiW3rBkTxDkV8A5VdjX1MHKBPb,1
Ey5v3pnLCrGJnoSwc1CmDMYMhbBV7LQG8iqHybpGxGzU,1
EyC5rXjou3PHkWLYqBNkKs7ZqrwS9fd6PYtJeqB37Rid,1
EYziqefAWcY2dxcsUV4QsCHjZEYmdHssFTUiZncdYwDw,1
EZcPjPi7Thsok81qW6ewALRdMGUS7RuiwsePbZJ9CNw1,1
EZHrfQp88rz7vUaVqSaNyUj2TZno5ojAPBHCMaMux5s6,1
F13BuSASQKyYT8mZhX38TNaeH584A2Fa7nMd4pnM2rGS,1
F33cioyFKuZKgSgumc24tu7YFqVpUeYCzSCu11PqrKfy,1
F6id9mTowm8g7FH3PY6HRFe6u5yXsSJDj3Zt3xj36TJ5,1
F6j22jWasQn1oYm8jZnaTjrHzcJUJ6s8YgzVCLDwn7rE,1
F71PEncqD5sfLyxcvEhfpARe8y8kWeCFv8ere4qUq25Z,1
FayJcAAn91pHHvQsaGU8JGeZCseGhe3VJMhEUduh7pGX,1
FC31RiNv7ngtjNiR57fZiteZ1SUmj5LVEwfJr9GbR1xg,1
FCNYP524LzRYLHC1uA6XiCQqUZkHJv1Bb4SzfnFLVzd1,1
FcsdRL3qnjS8PYfADWCKjL1wGQzfwigFbQRHYTeVZjeN,1
FcWDqoY82UPvDyor6s9MFdsf2UTFMxfsuWE4sbMqsuap,1
FHBa2VnFAECtH3XcxVuY5CTYSWQEGNC2W3KuepG3fNXr,1
FhLmFRG4iUAN48jXkuEc2fAz9E9ZUbZuW2my7g8TFvsC,1
fhnaDz5XJf9gCif9uEvdxj7nHaj9dxYRW6ty9eiacGB,1
FhrGLHsbZumdQhHTfJoEJJ9iAv8ztzRz1DNhWtaPg7TU,1
Fjg2GjKcFBxTd1mtSg8bWD1xe9Qd5D3qKCZjKShinKsW,1
FKXsmUvNUrpLhSc6AtvH5kPfcEYbbhfKtmi5HHdcmiYW,1
fLR7Q8RcBK4tr11Bu9YZWPcHK27mn8wHde5PRPaeScb,1
FMw1KrrGZKmVFNUiGTmRY9Zeueie5TVpKVKkCUDHkeJ3,1
FnHrsUTZdESp1roQSAzmFzaLPyfmqg5mpRMuqqh6TaWX,1
FNYBfW3YwwtT7ZCKny6uJE84nbauHkQmsio9AQpRVNJg,1
FoeKqRMTeitxLeS7MDKWdjeGsrgvWHkysyVxL6JXVm1k,1
FpHcSrFt6i6AhYxhVWsVbAfWMn1GEqEyALFfWiCei7Gy,1
Fqz8zEnjPNmKzU2YDAkcooYDSrY7yVAoUdmJZeEiNgL5,1
FRAQs8rq9bHuSge9UmsGGHpJ79PSwB9wfzBFbw2Yv6yk,1
FrDY1z3XNMB9GcYZpzakq5HmVAVSUGYEWDEoNxD2SGL1,1
FRwx4RW6VCyeZktatSUVR6ysRJ6gEJVr9tZBN3pNucF5,1
FsejqR5FZmYUocuU1n1jCVippwDMjr2yxjjARa9bZmLQ,1
FsoH3fuK42Lmywn9ZTHYMG8Xu3F3K92CaZME8VP19NMQ,1
Ft6d5jE3miGw2gRp3dw72VupwJRKYNjaCQeNFPwbCW8W,1
FUJ8AhnFh8YJ7Xnj546j3SSe7KNv2YP85iziRoY8foyB,1
FVjk5iWEj4VZniw7vgU8P4rSVhtgwK7r7CQqQ99s22x4,1
FvujfNLEFeJgzxzcMe8juTKkZbmLmU2EvYx4oHaYSavC,1
FvwqcZakbrKHg6GpaPcBEiUP9oomDWBTW59UrjarT5CY,1
FWrHoRNCghtGWLDKfAhCABqDKDRXtnjBhJ6FoSVbKhdB,1
FwsF889z11xkZF6WdLjBstKkhY1ETs4iYrohUgpERddK,1
FZVYcqLveuyN7yNjiqge6TwtmpDf23Ws9ZAocRi4TGj7,1
FZx3VWng44AV2aQUiWbURtkAW5du53v4GK7jDH2ZmqiW,1
G4AzZ7idTdNpGs7bdRbsHMoNUbmKr9jEG9QAej7jw1WS,1
G4eWFVJB7PP1TZiemhFNKaXnwafzibQL3Ad6Jkd2m5Yk,1
G563AjpNmy5ejHaJ2UsQfZG5wegzrHnWEQ9hSCW4PvUL,1
G9eoBofmabRfKc84t5YYFf1wvujGBNJL29Nu7JcZKM3s,1
GaTjCKeYZpZTXKC7VhUpQbtDCxBUNecwBarx6Rv7g4LD,1
GbVBJ4Mksx6tQcuPacbwJsqqd5BHTgok1MAZ3GnVkXjV,1
GDjyJzZP7RmMcWuMxELvDNPyCxNTNLNxfof98mkfMXUm,1
GEAcaPnMM4MrXCqnG3aLgkPTTd6PCgXeEQoCgceiTW83,1
GevCtaxjX1KsXGtFoAzHQFteZe7jEsgYUHM3BWRPG68E,1
GFXcgZRRM7SDtagu6WedS2pASqxqz7T5Rqau798sKYQ,1
GGQoAhGRG4KLytW2nmCkg6rtHHeTR4nQ4EdFZ4mnRvby,1
GiwyAReXy4WPmiHHKbNC9Jv5jHb9G4XNNQsfFnaLFY76,1
GJ9iUDSpKjKYnZirzJQc79JfsjbKs6XsXDe9yof2wrua,1
GJbapSMoDTWJnArtNCYGWXPeQ1zvU9GfawrwP9Tj4zcM,1
GJVNf5UPRsspJT2q6pw8dT7Lpj48xWey4mP5sz5fz3Cx,1
GjxSvqdRpNYWNSDv4z98VH26ky7djySvpKsKDceu8Y7j,1
GLMuijLrUbSkWvBkCdGZxtJVzu8VAGfJH8myqJBmg78y,1
Gn7srNgyS92bv1ppzdQUpvSBL17y6z9CKfaJnhjSfTGh,1
GnKedE8DEnsFnweFwd24bN5jgnY8CgHiUKAwV6jmLZzm,1
GNqG5ng5PCeXqbC1tzJToJ1L4x1LCg5KnAmeKSr62N7N,1
GoHvjFAWn6vmvtpR2JL931QkjuU9KXQUNrsBQcBdofe1,1
GoXKfu33uVtyPhWxAtqSPiUPWhF7Xov8iLsBSiif4eMS,1
Gr43XM59KeALgMXnReb91xNvwteBLaYWmbvnWgviR28T,1
GRS4E7dq8ZFs1zxVjKZc4rdFaayUm4rwZs8KumvkQYCi,1
GrYgT7BL2XjZ7Nd2GQ4UF15ZZnR7YBXTWy2Fda5sRLXp,1
GSmwuQPQUEGvwFZbgTv5NYMUuKFXpm54mehUjZoHtNz4,1
Gssd7HH7nqY5MYUFbWkHRXvYGjZyksk41MNnUMoeGQVh,1
GSXbUxcNefz9HVxxGW1BZ8bYP7L8wGRZ3coobY7oZX8f,1
GSxuMhMcgBkSvRBkzrrESQ2nidYsTBA9xFgRTv9WN86m,1
GtE5y3NkUpVeh7wP36v2PFi25sURk9KHUysyNWGvUC6G,1
GTFB3DnoTdo7pvtbzXydmDL6hiw4dcTVMHk9BBHfq97A,1
GTLNTCMBrT5JiuXax5h7EYTbc6e6X693tTNr5c7ESGBE,1
GUvxCJfW7vF8kZht6FGJao9mXTjp6tJVukGn4EvYqJN9,1
GvA8vAsjQQzmKrxZFd1dPAGt2rALeFPxToCpt72CHfvJ,1
GVArmiyPQdjK2Zmg3PHwt6YYoXmPdeeVqFvqWDgRjVf9,1
GVcJ2uLHGMupbVTgY8NA73yzErfdUrsgDsEt6JqYG9JA,1
GVGLYQW14cPaPwYysfCnTyqjwgKWJa5sMB5inWLsBhHW,1
GX5kEQvDEvCvTvdQQSjAFZcVM6QdPomFkmK1ieoo22s1,1
GxaYfxFhb7Lu72NzTZSK3YYuz2FQ24wSo3JjwSo9a2dN,1
GXi4rGGzZ1Jk5EHAfbcBcNRsWPMVzrQ47ovWCEqgwVec,1
Gyc48yux7xqZiZciEp7kZFjD1WmdeC5WKtP3nfU1Ua58,1
H1uHz3CjoVfUgcgu1yU8xWqDsJmicxVc9hkGebDQhK9z,1
H22jBTyqVJ4tLpWR298ghju4x6i7bF9G11PEFEaSgF3a,1
H2HNTzLQE8yNAzzkGoiVq8riX5vHYy1JcHC3HwjFxBL3,1
H3WR8uZRJq4hGN5qoCrQeQUd3fnsLFsEVMZM9JTejr6n,1
H4xKFPpyN6y6Cp8hvmZQzrXVUWGXnrrKnusB6Q86R6ay,1
H5x9DqRNdTqFAYTSmusLXWH97Y5i7J7WBjzscuunYQ9T,1
H66fivMeFBk67W19hiKU4xtUyxjwD1H4xhACipBmsa9b,1
H79Kjwc92DGGa9zTasHaqEZ91UfwtfmT4RhHiSS4TzWw,1
H7DG1XLWeDspALK4pdaSBQTTrKtN2pb1hsuBngB5sJjD,1
H7G2H4gEWH8sFFxW4fhrJ6zANpNKMDCCGcU3VEGmBZEk,1
H7xSCY5xVudaEcbGTuyaxmfitqG46AvmovGysQdpuGuX,1
H9WTjxhLerceXvJqUB8964ZdKPd4sBmycy8vjuYMd9ov,1
Ha4PbwENAnhthwspwiK136KE6atPJcPcLrrbjxHgj4Sw,1
HAJp2w6wbLYbUigdpMJtNiGcMwSCyaedZEU6Xq7usod9,1
HBFrGfMmwd8t3vZGmi775k5ZMn1dkUzDi3PWexthW5jG,1
HbP8zFfM95AAmeQS1eUoc2sFNWdHAR1shHCnWxR6Ja69,1
HC8WkSdxon28AAqFBsecDdMiQZKfg9w2qDebCQUfumxa,1
HChwZpuow4V3SA9yzVntWzqr15unefx8FyvMHj9XhtN4,1
HDjyg8EjS2UGgLkyu7Qu2dcGMWE6bYsx2uX1GdcKUu9T,1
HdQeECDYsmG6PLhuzjDqfe7BVmgpKMSwsxcYEgSdYDZ1,1
HdVTzEtYHg3FzrzKfUK1JFG4uEuaXZ2MU5x8b5ww87Uo,1
HE7TLnuXhmAk7tJHh8WehyiHrSBGhHGjEBkzLeRzffLT,1
HECyRNSMbxWuXrtyhHEDzgPDazV6XEpTMCDGDjnfgUfE,1
HesfTj24Eatwy8vvra5UdhX1xJWLeqRM7QdDwjX1xmmk,1
HeZGJ7kxaec7KXR8DCzE2X3Byv3xe8MG4arNHUXx8i6r,1
HfHgBcqcGDB6ntrEPMUbQqbM61moa3qKZ4YXp94SUoJA,1
HG1xNEhagquSPVNGgQqwUPH12eroWfgDzwLecVVxyPvY,1
HGDDgVLJm2ctYpzpj6MKi8a3yEkWjPhPgmecpTQg9acT,1
HgLt4s31jM1vK3UU8YJ9btn7B4tN2T7MD97cL8z1q2Sj,1
HgM5ooShk4xb1Kc8BfhE5o8es22PNRAkokGWL772aesf,1
HGppktj52fjwhd2fHeAkmKEEi2NM7XBKpGFyULGTYUi8,1
Hh12ZC19RQc4xxmDvTYTefrAE5WZHMH5o1ayqspZjJ6K,1
HHJJPxg2pViqLa3CQ8GGTHKRrWc6BJcyiWzExvpMrWov,1
HifGVoTc4m1sR5E15JBLxAjr6Ka1Ms9VPfjKquVw4EMh,1
HikUPi2yfd9oh2f9ctiZNViXamgSZG3SqKMRBQnY2EJu,1
HiTqJU2YeTygtg9LXhtg7faQak58MiBs3YuVZCXSvRCS,1
HJoAgfPBmVy43NEHzHUBrBubzYwGcHMJ9ANWHqoAZKa1,1
HJpRpmKK5wkpk5i97swkjwRiVP6PMokrWjgRdJfgf1tb,1
HKgSNQyUoEPs49wZEBt8yXAb4sc7CQKUwppxgtAJsEKz,1
Hkm1F8FK7txZRi3ccsAgSTzRmFVYG6mSLKrDDh4Gk9wK,1
HKmsgRKbyftWZMdYRfLrAxHpZuYxGwaQECEwU81hZt3B,1
HmDTMskZKg28Fvn1peA5pyGreFGTQH11UFRmtG7sqrdm,1
HmdWVUmHccZ2PmBruHn8kMNw5uTVMDazpuz3gytm4usU,1
Hmpzw9KztELHN3VvcUpPVAAYA2kASCYLhjHEa148Ar8n,1
HMYrzSJ7xHE3nPhywfUrfrEQekuDeZbGk9h7jCXyt9Va,1
Hnd9b2WbPAtuSbhprFgzqXP4joBqfXp4kKetNpbn9MMN,1
HnL3Vt2eNoGoC8Wp8KYQo5kdXLFzU7yqvo9K494Dejcn,1
Hp3Xk9hxKiCTXZY3gjkJt4HNCyT3bUVdshtGLUdcYiRP,1
Hpu5bVdQXzDZLDiD7fJrM7SGAVYeP3Mi3kVx43ULeuyA,1
Hq3b7mbFgNwbUdv7N6UDu7f8gQJsGJdNKAP2xHgFSbyv,1
HqaQcwgd2htczTYyPumQtk8CJVpBxNgHdmisPCe2E8w3,1
HTULe9cJnnDASYoJ9W7yeJUvFZGhkQJ6879qWfVYUqyb,1
HUoQae5YsRFg1rvZqmPv31DKHqKzW3aa9jxRfXFXzMSJ,1
HuUrn1Fi9Qr5jARuo53ykrW6QqrZrxEU6S4Zp8kVbHjf,1
hv4ogUZ54UEis6hKCQmp1whZnSWerWzPmaxkBqThhK4,1
HVGZCMaNZxekz79mwNBB2EKF4z4z9jRQ8XtjeBxatakv,1
hvhRdQRA3rkGZef2hbvBYJCtK9D3i2tAMaNt42ytY16,1
HvyBh7c1oovzYcWWM21Vo3jMupsptPcBy1FYJB8SCQz,1
Hw6MSkRMXFNFHu8L6L29PTj6k38Ss78p3mYAMeTz5wBp,1
HwgMnLoVSSK2HozeDnTKgXNS7uMyLs6YB9YiNk762ZpY,1
HXCSLGgqj8AvxLR3i5ap4Jpv5JzgVsRe6dMYEhpjKhHF,1
J173FQYBJhXmvcy5Pn8VUrQYtyr1LByNV1ME1hcKxFU9,1
J1oUdSi2QPqJdJouV6WvP9q3hN2tTrk8hRD1sUSBxZxp,1
J1rVhcKUjDU45PfJJu7GP7WYWisnecgzPut2rG3FTNey,1
J3z1sR73npERAsb8wSgCbJELsw9f5B39LEMe1aQ4odQD,1
J5fJJ7DtGADgw9xtTj7X6myVxADtmcVP2X82x8FxKD5d,1
J5Wqw227jerPMfvm7zyy5Hfg7tmifr2DDTDamk1v3PEK,1
J7wWQf3rhqYvmbrz4nnyrqCyugHuXAXj1HjrZDUXPDe5,1
JBehGRtmoDs5uwHawDpK5jR8QntJGdvLTqGBBU5jgQui,1
JBSZjZk7RQpDRqUbU2ye367dVaY1z1zifX4wtqsYNxws,1
JCRJwTcFV9beJcJNAVTdYgnTG6pizM2b2VvXJRwBSUKp,1
JCS9ZouoQ1jSphryznyUK9hHKgGkAYKYTPCHiXsSM38q,1
JVjrp1hvNmVsz4k1UNjtsjDyenXwyzAEvUc8rni7qE1,1
kDqcV7SN46wBz5RoXBwzgCUN2nza1zx25jTXvvzma2U,1
n2ZgfrEEcEvDaPWDNfvQ2vnRoh2uTJbXhdFr7JTubqi,1
ngzjAnA82rUsgLfncau3ehRnosHASVvRkLrKb23LrSY,1
NLAGcJF8EARX7Ef2niJLWrZy2Cm1B2TXmwddqK1cY1h,1
Nps5yhoy3QCk74L4f2eqMqtKNvd3sxcrdXZLt9GQhar,1
oW6GRX5w8mvZUktV6Ntd9vKbotLDz2FQrbQE3waYCJM,1
PFkfYJHMFe74bzn92LFSdS5wK5d1ArtUw54UzUUcckr,1
pPZUMMb8nuEVsarBG5UTVACpzBKEkZgtacoPFi11fxW,1
rJ5fKFwpzkkCdKfVJmuUDViQNxEwJP44cDxQP95695R,1
s2TdaEV1iADDezuWZqyvxEYYJ6AHqFQQYdNXQzj7MWt,1
ShevxzS8eWrHEk4LLFov84EG1nnG12XNsRESpHHYkBw,1
Tcf7sgSEmrWY7nDbKuPnTX3jNFLWHheiK9k4YY6MjES,1
TopozN6tRbeghtDFZALdy5THQpWG8GysPtBUqs8YaxV,1
tR6BN7QrjeFyCKaUf2kNVVPqFVtz2J6SWXXwmHs7KaP,1
uS74rigLoPmKdi169RPUB4VSF6T9PqChTpG5jWzVhVp,1
vHcyJTxxT2JFmBr6VScpX88GTCstGLh8niFSvypwWaX,1
WeehM2gfNZuv9PUEijq2zuuWW9sZbmcxw5YJH6PWeUc,1
WErxsrVdRsTPEfdcNR7vFHuu6PAhY1jndNeykcrS4pg,1
WiShpEEVSKqnSnTpJ9WG4J9mGzootS4958FvWSWG3cP,1
WpMhFX22tHhrkmuHpfUb7dgcHR4oZE2oCH5sM4egGUR,1
y5hBTcY5upo3sUxJFHbHBuqprDGmoPTkAhGL48DLpBd,1
Yvy4wQZ3MNgiuCTGhEirscXyk3mMtZxma6VAywAdzkR,1
YwSZuaAk8vyVHbGy3GZ5rekLWZP6PkJuCi2o1RPVNPQ,1
zoS1QrVrYDP979FyjuQ2gXKrmYa5RYBTxqAD8urpyRG,1
Zy1YEFJYzVe3J4sbtkQsA8kPXJr7KMWNhpFQ4a8Muai,1
